monat;isin;wertpapier;bestand
2017-07-31;LU0360863863;ARERO - DER WELTFONDS - INHABER-ANTEILE O.N.;218,0
2017-08-31;LU0360863863;ARERO - DER WELTFONDS - INHABER-ANTEILE O.N.;271,0
2017-08-31;LU0480132876;UBS-ETF-UBS-ETF MSCI E.M.U ETF - INHABER-ANTEILE A O.N.;90,0
2017-08-31;IE00B4PY7Y77;X_iShares USD High Yield Corporate Bond UCITS ETF;-83,0
2017-09-30;LU0360863863;ARERO - DER WELTFONDS - INHABER-ANTEILE O.N.;271,0
2017-09-30;LU0480132876;UBS-ETF-UBS-ETF MSCI E.M.U ETF - INHABER-ANTEILE A O.N.;194,0
2017-09-30;IE00B4PY7Y77;X_iShares USD High Yield Corporate Bond UCITS ETF;-83,0
2017-09-30;DE000A1CXBV8;X_FS LONG.DATED.ALL COMM.GO U. - BEARER SHARES (DT. ZERT.) O;597,0
2017-09-30;DE000ETFL235;X_Deka DAXplus Maximum Dividend UCITS ETF;-85,0
2017-10-31;LU0360863863;ARERO - DER WELTFONDS - INHABER-ANTEILE O.N.;271,0
2017-10-31;LU0480132876;UBS-ETF-UBS-ETF MSCI E.M.U ETF - INHABER-ANTEILE A O.N.;194,0
2017-10-31;IE00B4PY7Y77;X_iShares USD High Yield Corporate Bond UCITS ETF;-83,0
2017-10-31;DE000A1CXBV8;X_FS LONG.DATED.ALL COMM.GO U. - BEARER SHARES (DT. ZERT.) O;597,0
2017-10-31;DE000ETFL235;X_Deka DAXplus Maximum Dividend UCITS ETF;-85,0
2017-10-31;IE00B0M63060;X_iShares UK Dividend (DE) UCITS ETF;-234,0
2017-10-31;LU0832436512;X_LYXOR MU (LU) - SG Global Quality Income NTR UCITS ETF;-41,0
2017-10-31;LU0392495023;X_COMSTA.-MSCI PACIFIC TRN U.ETF - INHABER-ANTEILE I O.N.;146,0
2017-10-31;IE00BJ0KDR00;ETF XTR.(IE) USA;318,0
2017-10-31;IE00B9CQXS71;X_SPDR S&P GLOB.DIV.ARISTOR.ETF;-289,0
2017-10-31;LU0292096186;X_DB.X-t.STOXX GL.SE.DIV.100 SE;-95,0
2017-11-30;LU0360863863;ARERO - DER WELTFONDS - INHABER-ANTEILE O.N.;271,0
2017-11-30;LU0480132876;UBS-ETF-UBS-ETF MSCI E.M.U ETF - INHABER-ANTEILE A O.N.;194,0
2017-11-30;IE00B4PY7Y77;X_iShares USD High Yield Corporate Bond UCITS ETF;-83,0
2017-11-30;DE000A1CXBV8;X_FS LONG.DATED.ALL COMM.GO U. - BEARER SHARES (DT. ZERT.) O;597,0
2017-11-30;DE000ETFL235;X_Deka DAXplus Maximum Dividend UCITS ETF;-85,0
2017-11-30;IE00B0M63060;X_iShares UK Dividend (DE) UCITS ETF;-234,0
2017-11-30;LU0832436512;X_LYXOR MU (LU) - SG Global Quality Income NTR UCITS ETF;-41,0
2017-11-30;LU0392495023;X_COMSTA.-MSCI PACIFIC TRN U.ETF - INHABER-ANTEILE I O.N.;146,0
2017-11-30;IE00BJ0KDR00;ETF XTR.(IE) USA;318,0
2017-11-30;IE00B9CQXS71;X_SPDR S&P GLOB.DIV.ARISTOR.ETF;-289,0
2017-11-30;LU0292096186;X_DB.X-t.STOXX GL.SE.DIV.100 SE;-95,0
2017-12-31;LU0360863863;ARERO - DER WELTFONDS - INHABER-ANTEILE O.N.;271,0
2017-12-31;LU0480132876;UBS-ETF-UBS-ETF MSCI E.M.U ETF - INHABER-ANTEILE A O.N.;194,0
2017-12-31;IE00B4PY7Y77;X_iShares USD High Yield Corporate Bond UCITS ETF;-83,0
2017-12-31;DE000A1CXBV8;X_FS LONG.DATED.ALL COMM.GO U. - BEARER SHARES (DT. ZERT.) O;597,0
2017-12-31;DE000ETFL235;X_Deka DAXplus Maximum Dividend UCITS ETF;-85,0
2017-12-31;IE00B0M63060;X_iShares UK Dividend (DE) UCITS ETF;-234,0
2017-12-31;LU0832436512;X_LYXOR MU (LU) - SG Global Quality Income NTR UCITS ETF;-41,0
2017-12-31;LU0392495023;X_COMSTA.-MSCI PACIFIC TRN U.ETF - INHABER-ANTEILE I O.N.;146,0
2017-12-31;IE00BJ0KDR00;ETF XTR.(IE) USA;318,0
2017-12-31;IE00B9CQXS71;X_SPDR S&P GLOB.DIV.ARISTOR.ETF;-289,0
2017-12-31;LU0292096186;X_DB.X-t.STOXX GL.SE.DIV.100 SE;-95,0
2017-12-31;IE00BKWQ0M75;SSGA S.ETF E.II-M.EUROP.SM.CAP - REGISTERED SHARES O.N.;43,0
2017-12-31;FR0010378604;X_Lyxor UCITS ETF STOXX Europe Select Divide;-488,0
2018-01-31;LU0360863863;ARERO - DER WELTFONDS - INHABER-ANTEILE O.N.;271,0
2018-01-31;LU0480132876;UBS-ETF-UBS-ETF MSCI E.M.U ETF - INHABER-ANTEILE A O.N.;194,0
2018-01-31;IE00B4PY7Y77;X_iShares USD High Yield Corporate Bond UCITS ETF;-83,0
2018-01-31;DE000A1CXBV8;X_FS LONG.DATED.ALL COMM.GO U. - BEARER SHARES (DT. ZERT.) O;597,0
2018-01-31;DE000ETFL235;X_Deka DAXplus Maximum Dividend UCITS ETF;-85,0
2018-01-31;IE00B0M63060;X_iShares UK Dividend (DE) UCITS ETF;-234,0
2018-01-31;LU0832436512;X_LYXOR MU (LU) - SG Global Quality Income NTR UCITS ETF;-41,0
2018-01-31;LU0392495023;X_COMSTA.-MSCI PACIFIC TRN U.ETF - INHABER-ANTEILE I O.N.;146,0
2018-01-31;IE00BJ0KDR00;ETF XTR.(IE) USA;318,0
2018-01-31;IE00B9CQXS71;X_SPDR S&P GLOB.DIV.ARISTOR.ETF;-289,0
2018-01-31;LU0292096186;X_DB.X-t.STOXX GL.SE.DIV.100 SE;-95,0
2018-01-31;IE00BKWQ0M75;SSGA S.ETF E.II-M.EUROP.SM.CAP - REGISTERED SHARES O.N.;43,0
2018-01-31;FR0010378604;X_Lyxor UCITS ETF STOXX Europe Select Divide;-488,0
2018-01-31;IE00BQN1K901;ISHSIV-EDGE MSCI EU.VA.F.U.ETF;1644,0
2018-01-31;DE000ETFL045;X_Deka STOXX Europe Strong Value 20 UCITS ETF;-393,0
2018-02-28;LU0360863863;ARERO - DER WELTFONDS - INHABER-ANTEILE O.N.;271,0
2018-02-28;LU0480132876;UBS-ETF-UBS-ETF MSCI E.M.U ETF - INHABER-ANTEILE A O.N.;194,0
2018-02-28;IE00B4PY7Y77;X_iShares USD High Yield Corporate Bond UCITS ETF;-83,0
2018-02-28;DE000A1CXBV8;X_FS LONG.DATED.ALL COMM.GO U. - BEARER SHARES (DT. ZERT.) O;597,0
2018-02-28;DE000ETFL235;X_Deka DAXplus Maximum Dividend UCITS ETF;-85,0
2018-02-28;IE00B0M63060;X_iShares UK Dividend (DE) UCITS ETF;-234,0
2018-02-28;LU0832436512;X_LYXOR MU (LU) - SG Global Quality Income NTR UCITS ETF;-41,0
2018-02-28;LU0392495023;X_COMSTA.-MSCI PACIFIC TRN U.ETF - INHABER-ANTEILE I O.N.;146,0
2018-02-28;IE00BJ0KDR00;ETF XTR.(IE) USA;318,0
2018-02-28;IE00B9CQXS71;X_SPDR S&P GLOB.DIV.ARISTOR.ETF;-289,0
2018-02-28;LU0292096186;X_DB.X-t.STOXX GL.SE.DIV.100 SE;-95,0
2018-02-28;IE00BKWQ0M75;SSGA S.ETF E.II-M.EUROP.SM.CAP - REGISTERED SHARES O.N.;43,0
2018-02-28;FR0010378604;X_Lyxor UCITS ETF STOXX Europe Select Divide;-488,0
2018-02-28;IE00BQN1K901;ISHSIV-EDGE MSCI EU.VA.F.U.ETF;1644,0
2018-02-28;DE000ETFL045;X_Deka STOXX Europe Strong Value 20 UCITS ETF;-393,0
2018-03-31;LU0360863863;ARERO - DER WELTFONDS - INHABER-ANTEILE O.N.;292,0
2018-03-31;LU0480132876;UBS-ETF-UBS-ETF MSCI E.M.U ETF - INHABER-ANTEILE A O.N.;203,0
2018-03-31;IE00B4PY7Y77;X_iShares USD High Yield Corporate Bond UCITS ETF;-83,0
2018-03-31;DE000A1CXBV8;X_FS LONG.DATED.ALL COMM.GO U. - BEARER SHARES (DT. ZERT.) O;650,0
2018-03-31;DE000ETFL235;X_Deka DAXplus Maximum Dividend UCITS ETF;-85,0
2018-03-31;IE00B0M63060;X_iShares UK Dividend (DE) UCITS ETF;-234,0
2018-03-31;LU0832436512;X_LYXOR MU (LU) - SG Global Quality Income NTR UCITS ETF;-41,0
2018-03-31;LU0392495023;X_COMSTA.-MSCI PACIFIC TRN U.ETF - INHABER-ANTEILE I O.N.;159,0
2018-03-31;IE00BJ0KDR00;ETF XTR.(IE) USA;345,0
2018-03-31;IE00B9CQXS71;X_SPDR S&P GLOB.DIV.ARISTOR.ETF;-289,0
2018-03-31;LU0292096186;X_DB.X-t.STOXX GL.SE.DIV.100 SE;-95,0
2018-03-31;IE00BKWQ0M75;SSGA S.ETF E.II-M.EUROP.SM.CAP - REGISTERED SHARES O.N.;49,0
2018-03-31;FR0010378604;X_Lyxor UCITS ETF STOXX Europe Select Divide;-488,0
2018-03-31;IE00BQN1K901;ISHSIV-EDGE MSCI EU.VA.F.U.ETF;1644,0
2018-03-31;DE000ETFL045;X_Deka STOXX Europe Strong Value 20 UCITS ETF;-393,0
2018-03-31;DE000A0Q4R02;X_iShares STOXX Utilities Europe 600 (DE);-93,0
2018-04-30;LU0360863863;ARERO - DER WELTFONDS - INHABER-ANTEILE O.N.;292,0
2018-04-30;LU0480132876;UBS-ETF-UBS-ETF MSCI E.M.U ETF - INHABER-ANTEILE A O.N.;203,0
2018-04-30;IE00B4PY7Y77;X_iShares USD High Yield Corporate Bond UCITS ETF;-83,0
2018-04-30;DE000A1CXBV8;X_FS LONG.DATED.ALL COMM.GO U. - BEARER SHARES (DT. ZERT.) O;650,0
2018-04-30;DE000ETFL235;X_Deka DAXplus Maximum Dividend UCITS ETF;-85,0
2018-04-30;IE00B0M63060;X_iShares UK Dividend (DE) UCITS ETF;-234,0
2018-04-30;LU0832436512;X_LYXOR MU (LU) - SG Global Quality Income NTR UCITS ETF;-41,0
2018-04-30;LU0392495023;X_COMSTA.-MSCI PACIFIC TRN U.ETF - INHABER-ANTEILE I O.N.;159,0
2018-04-30;IE00BJ0KDR00;ETF XTR.(IE) USA;345,0
2018-04-30;IE00B9CQXS71;X_SPDR S&P GLOB.DIV.ARISTOR.ETF;-289,0
2018-04-30;LU0292096186;X_DB.X-t.STOXX GL.SE.DIV.100 SE;-95,0
2018-04-30;IE00BKWQ0M75;SSGA S.ETF E.II-M.EUROP.SM.CAP - REGISTERED SHARES O.N.;49,0
2018-04-30;FR0010378604;X_Lyxor UCITS ETF STOXX Europe Select Divide;-488,0
2018-04-30;IE00BQN1K901;ISHSIV-EDGE MSCI EU.VA.F.U.ETF;1644,0
2018-04-30;DE000ETFL045;X_Deka STOXX Europe Strong Value 20 UCITS ETF;-393,0
2018-04-30;DE000A0Q4R02;X_iShares STOXX Utilities Europe 600 (DE);-93,0
2018-05-31;LU0360863863;ARERO - DER WELTFONDS - INHABER-ANTEILE O.N.;292,0
2018-05-31;LU0480132876;UBS-ETF-UBS-ETF MSCI E.M.U ETF - INHABER-ANTEILE A O.N.;203,0
2018-05-31;IE00B4PY7Y77;X_iShares USD High Yield Corporate Bond UCITS ETF;-83,0
2018-05-31;DE000A1CXBV8;X_FS LONG.DATED.ALL COMM.GO U. - BEARER SHARES (DT. ZERT.) O;650,0
2018-05-31;DE000ETFL235;X_Deka DAXplus Maximum Dividend UCITS ETF;-85,0
2018-05-31;IE00B0M63060;X_iShares UK Dividend (DE) UCITS ETF;-234,0
2018-05-31;LU0832436512;X_LYXOR MU (LU) - SG Global Quality Income NTR UCITS ETF;-41,0
2018-05-31;LU0392495023;X_COMSTA.-MSCI PACIFIC TRN U.ETF - INHABER-ANTEILE I O.N.;159,0
2018-05-31;IE00BJ0KDR00;ETF XTR.(IE) USA;345,0
2018-05-31;IE00B9CQXS71;X_SPDR S&P GLOB.DIV.ARISTOR.ETF;-289,0
2018-05-31;LU0292096186;X_DB.X-t.STOXX GL.SE.DIV.100 SE;-95,0
2018-05-31;IE00BKWQ0M75;SSGA S.ETF E.II-M.EUROP.SM.CAP - REGISTERED SHARES O.N.;49,0
2018-05-31;FR0010378604;X_Lyxor UCITS ETF STOXX Europe Select Divide;-488,0
2018-05-31;IE00BQN1K901;ISHSIV-EDGE MSCI EU.VA.F.U.ETF;1644,0
2018-05-31;DE000ETFL045;X_Deka STOXX Europe Strong Value 20 UCITS ETF;-393,0
2018-05-31;DE000A0Q4R02;X_iShares STOXX Utilities Europe 600 (DE);-93,0
2018-06-30;LU0360863863;ARERO - DER WELTFONDS - INHABER-ANTEILE O.N.;292,0
2018-06-30;LU0480132876;UBS-ETF-UBS-ETF MSCI E.M.U ETF - INHABER-ANTEILE A O.N.;203,0
2018-06-30;IE00B4PY7Y77;X_iShares USD High Yield Corporate Bond UCITS ETF;-83,0
2018-06-30;DE000A1CXBV8;X_FS LONG.DATED.ALL COMM.GO U. - BEARER SHARES (DT. ZERT.) O;650,0
2018-06-30;DE000ETFL235;X_Deka DAXplus Maximum Dividend UCITS ETF;-85,0
2018-06-30;IE00B0M63060;X_iShares UK Dividend (DE) UCITS ETF;-234,0
2018-06-30;LU0832436512;X_LYXOR MU (LU) - SG Global Quality Income NTR UCITS ETF;-41,0
2018-06-30;LU0392495023;X_COMSTA.-MSCI PACIFIC TRN U.ETF - INHABER-ANTEILE I O.N.;159,0
2018-06-30;IE00BJ0KDR00;ETF XTR.(IE) USA;345,0
2018-06-30;IE00B9CQXS71;X_SPDR S&P GLOB.DIV.ARISTOR.ETF;-289,0
2018-06-30;LU0292096186;X_DB.X-t.STOXX GL.SE.DIV.100 SE;-95,0
2018-06-30;IE00BKWQ0M75;SSGA S.ETF E.II-M.EUROP.SM.CAP - REGISTERED SHARES O.N.;49,0
2018-06-30;FR0010378604;X_Lyxor UCITS ETF STOXX Europe Select Divide;-488,0
2018-06-30;IE00BQN1K901;ISHSIV-EDGE MSCI EU.VA.F.U.ETF;1644,0
2018-06-30;DE000ETFL045;X_Deka STOXX Europe Strong Value 20 UCITS ETF;-393,0
2018-06-30;DE000A0Q4R02;X_iShares STOXX Utilities Europe 600 (DE);-93,0
2018-07-31;LU0360863863;ARERO - DER WELTFONDS - INHABER-ANTEILE O.N.;292,0
2018-07-31;LU0480132876;UBS-ETF-UBS-ETF MSCI E.M.U ETF - INHABER-ANTEILE A O.N.;203,0
2018-07-31;IE00B4PY7Y77;X_iShares USD High Yield Corporate Bond UCITS ETF;-83,0
2018-07-31;DE000A1CXBV8;X_FS LONG.DATED.ALL COMM.GO U. - BEARER SHARES (DT. ZERT.) O;650,0
2018-07-31;DE000ETFL235;X_Deka DAXplus Maximum Dividend UCITS ETF;-85,0
2018-07-31;IE00B0M63060;X_iShares UK Dividend (DE) UCITS ETF;-234,0
2018-07-31;LU0832436512;X_LYXOR MU (LU) - SG Global Quality Income NTR UCITS ETF;-41,0
2018-07-31;LU0392495023;X_COMSTA.-MSCI PACIFIC TRN U.ETF - INHABER-ANTEILE I O.N.;159,0
2018-07-31;IE00BJ0KDR00;ETF XTR.(IE) USA;345,0
2018-07-31;IE00B9CQXS71;X_SPDR S&P GLOB.DIV.ARISTOR.ETF;-289,0
2018-07-31;LU0292096186;X_DB.X-t.STOXX GL.SE.DIV.100 SE;-95,0
2018-07-31;IE00BKWQ0M75;SSGA S.ETF E.II-M.EUROP.SM.CAP - REGISTERED SHARES O.N.;49,0
2018-07-31;FR0010378604;X_Lyxor UCITS ETF STOXX Europe Select Divide;-488,0
2018-07-31;IE00BQN1K901;ISHSIV-EDGE MSCI EU.VA.F.U.ETF;1644,0
2018-07-31;DE000ETFL045;X_Deka STOXX Europe Strong Value 20 UCITS ETF;-393,0
2018-07-31;DE000A0Q4R02;X_iShares STOXX Utilities Europe 600 (DE);-93,0
2018-08-31;LU0360863863;ARERO - DER WELTFONDS - INHABER-ANTEILE O.N.;292,0
2018-08-31;LU0480132876;UBS-ETF-UBS-ETF MSCI E.M.U ETF - INHABER-ANTEILE A O.N.;203,0
2018-08-31;IE00B4PY7Y77;X_iShares USD High Yield Corporate Bond UCITS ETF;-83,0
2018-08-31;DE000A1CXBV8;X_FS LONG.DATED.ALL COMM.GO U. - BEARER SHARES (DT. ZERT.) O;650,0
2018-08-31;DE000ETFL235;X_Deka DAXplus Maximum Dividend UCITS ETF;-85,0
2018-08-31;IE00B0M63060;X_iShares UK Dividend (DE) UCITS ETF;-234,0
2018-08-31;LU0832436512;X_LYXOR MU (LU) - SG Global Quality Income NTR UCITS ETF;-41,0
2018-08-31;LU0392495023;X_COMSTA.-MSCI PACIFIC TRN U.ETF - INHABER-ANTEILE I O.N.;159,0
2018-08-31;IE00BJ0KDR00;ETF XTR.(IE) USA;345,0
2018-08-31;IE00B9CQXS71;X_SPDR S&P GLOB.DIV.ARISTOR.ETF;-289,0
2018-08-31;LU0292096186;X_DB.X-t.STOXX GL.SE.DIV.100 SE;-95,0
2018-08-31;IE00BKWQ0M75;SSGA S.ETF E.II-M.EUROP.SM.CAP - REGISTERED SHARES O.N.;49,0
2018-08-31;FR0010378604;X_Lyxor UCITS ETF STOXX Europe Select Divide;-488,0
2018-08-31;IE00BQN1K901;ISHSIV-EDGE MSCI EU.VA.F.U.ETF;1644,0
2018-08-31;DE000ETFL045;X_Deka STOXX Europe Strong Value 20 UCITS ETF;-393,0
2018-08-31;DE000A0Q4R02;X_iShares STOXX Utilities Europe 600 (DE);-93,0
2018-09-30;LU0360863863;ARERO - DER WELTFONDS - INHABER-ANTEILE O.N.;333,0
2018-09-30;LU0480132876;UBS-ETF-UBS-ETF MSCI E.M.U ETF - INHABER-ANTEILE A O.N.;257,0
2018-09-30;IE00B4PY7Y77;X_iShares USD High Yield Corporate Bond UCITS ETF;-83,0
2018-09-30;DE000A1CXBV8;X_FS LONG.DATED.ALL COMM.GO U. - BEARER SHARES (DT. ZERT.) O;748,0
2018-09-30;DE000ETFL235;X_Deka DAXplus Maximum Dividend UCITS ETF;-85,0
2018-09-30;IE00B0M63060;X_iShares UK Dividend (DE) UCITS ETF;-234,0
2018-09-30;LU0832436512;X_LYXOR MU (LU) - SG Global Quality Income NTR UCITS ETF;-41,0
2018-09-30;LU0392495023;X_COMSTA.-MSCI PACIFIC TRN U.ETF - INHABER-ANTEILE I O.N.;182,0
2018-09-30;IE00BJ0KDR00;ETF XTR.(IE) USA;345,0
2018-09-30;IE00B9CQXS71;X_SPDR S&P GLOB.DIV.ARISTOR.ETF;-289,0
2018-09-30;LU0292096186;X_DB.X-t.STOXX GL.SE.DIV.100 SE;-95,0
2018-09-30;IE00BKWQ0M75;SSGA S.ETF E.II-M.EUROP.SM.CAP - REGISTERED SHARES O.N.;49,0
2018-09-30;FR0010378604;X_Lyxor UCITS ETF STOXX Europe Select Divide;-488,0
2018-09-30;IE00BQN1K901;ISHSIV-EDGE MSCI EU.VA.F.U.ETF;2192,0
2018-09-30;DE000ETFL045;X_Deka STOXX Europe Strong Value 20 UCITS ETF;-393,0
2018-09-30;DE000A0Q4R02;X_iShares STOXX Utilities Europe 600 (DE);-93,0
2018-09-30;LU0446734369;x_UBS ETF - MSCI EMU VALUE UCITS ETF;-76,0
2018-09-30;LU0322253906;ETF XTR.MSCI Europe Small CAP;24,0
2018-10-31;LU0360863863;ARERO - DER WELTFONDS - INHABER-ANTEILE O.N.;333,0
2018-10-31;LU0480132876;UBS-ETF-UBS-ETF MSCI E.M.U ETF - INHABER-ANTEILE A O.N.;257,0
2018-10-31;IE00B4PY7Y77;X_iShares USD High Yield Corporate Bond UCITS ETF;-83,0
2018-10-31;DE000A1CXBV8;X_FS LONG.DATED.ALL COMM.GO U. - BEARER SHARES (DT. ZERT.) O;748,0
2018-10-31;DE000ETFL235;X_Deka DAXplus Maximum Dividend UCITS ETF;-85,0
2018-10-31;IE00B0M63060;X_iShares UK Dividend (DE) UCITS ETF;-234,0
2018-10-31;LU0832436512;X_LYXOR MU (LU) - SG Global Quality Income NTR UCITS ETF;-41,0
2018-10-31;LU0392495023;X_COMSTA.-MSCI PACIFIC TRN U.ETF - INHABER-ANTEILE I O.N.;182,0
2018-10-31;IE00BJ0KDR00;ETF XTR.(IE) USA;345,0
2018-10-31;IE00B9CQXS71;X_SPDR S&P GLOB.DIV.ARISTOR.ETF;-289,0
2018-10-31;LU0292096186;X_DB.X-t.STOXX GL.SE.DIV.100 SE;-95,0
2018-10-31;IE00BKWQ0M75;SSGA S.ETF E.II-M.EUROP.SM.CAP - REGISTERED SHARES O.N.;49,0
2018-10-31;FR0010378604;X_Lyxor UCITS ETF STOXX Europe Select Divide;-488,0
2018-10-31;IE00BQN1K901;ISHSIV-EDGE MSCI EU.VA.F.U.ETF;2192,0
2018-10-31;DE000ETFL045;X_Deka STOXX Europe Strong Value 20 UCITS ETF;-393,0
2018-10-31;DE000A0Q4R02;X_iShares STOXX Utilities Europe 600 (DE);-93,0
2018-10-31;LU0446734369;x_UBS ETF - MSCI EMU VALUE UCITS ETF;-76,0
2018-10-31;LU0322253906;ETF XTR.MSCI Europe Small CAP;24,0
2018-11-30;LU0360863863;ARERO - DER WELTFONDS - INHABER-ANTEILE O.N.;333,0
2018-11-30;LU0480132876;UBS-ETF-UBS-ETF MSCI E.M.U ETF - INHABER-ANTEILE A O.N.;257,0
2018-11-30;IE00B4PY7Y77;X_iShares USD High Yield Corporate Bond UCITS ETF;-83,0
2018-11-30;DE000A1CXBV8;X_FS LONG.DATED.ALL COMM.GO U. - BEARER SHARES (DT. ZERT.) O;748,0
2018-11-30;DE000ETFL235;X_Deka DAXplus Maximum Dividend UCITS ETF;-85,0
2018-11-30;IE00B0M63060;X_iShares UK Dividend (DE) UCITS ETF;-234,0
2018-11-30;LU0832436512;X_LYXOR MU (LU) - SG Global Quality Income NTR UCITS ETF;-41,0
2018-11-30;LU0392495023;X_COMSTA.-MSCI PACIFIC TRN U.ETF - INHABER-ANTEILE I O.N.;182,0
2018-11-30;IE00BJ0KDR00;ETF XTR.(IE) USA;345,0
2018-11-30;IE00B9CQXS71;X_SPDR S&P GLOB.DIV.ARISTOR.ETF;-289,0
2018-11-30;LU0292096186;X_DB.X-t.STOXX GL.SE.DIV.100 SE;-95,0
2018-11-30;IE00BKWQ0M75;SSGA S.ETF E.II-M.EUROP.SM.CAP - REGISTERED SHARES O.N.;49,0
2018-11-30;FR0010378604;X_Lyxor UCITS ETF STOXX Europe Select Divide;-488,0
2018-11-30;IE00BQN1K901;ISHSIV-EDGE MSCI EU.VA.F.U.ETF;2192,0
2018-11-30;DE000ETFL045;X_Deka STOXX Europe Strong Value 20 UCITS ETF;-393,0
2018-11-30;DE000A0Q4R02;X_iShares STOXX Utilities Europe 600 (DE);-93,0
2018-11-30;LU0446734369;x_UBS ETF - MSCI EMU VALUE UCITS ETF;-76,0
2018-11-30;LU0322253906;ETF XTR.MSCI Europe Small CAP;24,0
2018-12-31;LU0360863863;ARERO - DER WELTFONDS - INHABER-ANTEILE O.N.;333,0
2018-12-31;LU0480132876;UBS-ETF-UBS-ETF MSCI E.M.U ETF - INHABER-ANTEILE A O.N.;257,0
2018-12-31;IE00B4PY7Y77;X_iShares USD High Yield Corporate Bond UCITS ETF;-83,0
2018-12-31;DE000A1CXBV8;X_FS LONG.DATED.ALL COMM.GO U. - BEARER SHARES (DT. ZERT.) O;748,0
2018-12-31;DE000ETFL235;X_Deka DAXplus Maximum Dividend UCITS ETF;-85,0
2018-12-31;IE00B0M63060;X_iShares UK Dividend (DE) UCITS ETF;-234,0
2018-12-31;LU0832436512;X_LYXOR MU (LU) - SG Global Quality Income NTR UCITS ETF;-41,0
2018-12-31;LU0392495023;X_COMSTA.-MSCI PACIFIC TRN U.ETF - INHABER-ANTEILE I O.N.;182,0
2018-12-31;IE00BJ0KDR00;ETF XTR.(IE) USA;345,0
2018-12-31;IE00B9CQXS71;X_SPDR S&P GLOB.DIV.ARISTOR.ETF;-289,0
2018-12-31;LU0292096186;X_DB.X-t.STOXX GL.SE.DIV.100 SE;-95,0
2018-12-31;FR0010378604;X_Lyxor UCITS ETF STOXX Europe Select Divide;-488,0
2018-12-31;IE00BQN1K901;ISHSIV-EDGE MSCI EU.VA.F.U.ETF;2192,0
2018-12-31;DE000ETFL045;X_Deka STOXX Europe Strong Value 20 UCITS ETF;-393,0
2018-12-31;DE000A0Q4R02;X_iShares STOXX Utilities Europe 600 (DE);-93,0
2018-12-31;LU0446734369;x_UBS ETF - MSCI EMU VALUE UCITS ETF;-76,0
2018-12-31;LU0322253906;ETF XTR.MSCI Europe Small CAP;307,0
2019-01-31;LU0360863863;ARERO - DER WELTFONDS - INHABER-ANTEILE O.N.;333,0
2019-01-31;LU0480132876;UBS-ETF-UBS-ETF MSCI E.M.U ETF - INHABER-ANTEILE A O.N.;257,0
2019-01-31;IE00B4PY7Y77;X_iShares USD High Yield Corporate Bond UCITS ETF;-83,0
2019-01-31;DE000A1CXBV8;X_FS LONG.DATED.ALL COMM.GO U. - BEARER SHARES (DT. ZERT.) O;748,0
2019-01-31;DE000ETFL235;X_Deka DAXplus Maximum Dividend UCITS ETF;-85,0
2019-01-31;IE00B0M63060;X_iShares UK Dividend (DE) UCITS ETF;-234,0
2019-01-31;LU0832436512;X_LYXOR MU (LU) - SG Global Quality Income NTR UCITS ETF;-41,0
2019-01-31;LU0392495023;X_COMSTA.-MSCI PACIFIC TRN U.ETF - INHABER-ANTEILE I O.N.;182,0
2019-01-31;IE00BJ0KDR00;ETF XTR.(IE) USA;345,0
2019-01-31;IE00B9CQXS71;X_SPDR S&P GLOB.DIV.ARISTOR.ETF;-289,0
2019-01-31;LU0292096186;X_DB.X-t.STOXX GL.SE.DIV.100 SE;-95,0
2019-01-31;FR0010378604;X_Lyxor UCITS ETF STOXX Europe Select Divide;-488,0
2019-01-31;IE00BQN1K901;ISHSIV-EDGE MSCI EU.VA.F.U.ETF;2192,0
2019-01-31;DE000ETFL045;X_Deka STOXX Europe Strong Value 20 UCITS ETF;-393,0
2019-01-31;DE000A0Q4R02;X_iShares STOXX Utilities Europe 600 (DE);-93,0
2019-01-31;LU0446734369;x_UBS ETF - MSCI EMU VALUE UCITS ETF;-76,0
2019-01-31;LU0322253906;ETF XTR.MSCI Europe Small CAP;307,0
2019-02-28;LU0360863863;ARERO - DER WELTFONDS - INHABER-ANTEILE O.N.;333,0
2019-02-28;LU0480132876;UBS-ETF-UBS-ETF MSCI E.M.U ETF - INHABER-ANTEILE A O.N.;257,0
2019-02-28;IE00B4PY7Y77;X_iShares USD High Yield Corporate Bond UCITS ETF;-83,0
2019-02-28;DE000A1CXBV8;X_FS LONG.DATED.ALL COMM.GO U. - BEARER SHARES (DT. ZERT.) O;748,0
2019-02-28;DE000ETFL235;X_Deka DAXplus Maximum Dividend UCITS ETF;-85,0
2019-02-28;IE00B0M63060;X_iShares UK Dividend (DE) UCITS ETF;-234,0
2019-02-28;LU0832436512;X_LYXOR MU (LU) - SG Global Quality Income NTR UCITS ETF;-41,0
2019-02-28;LU0392495023;X_COMSTA.-MSCI PACIFIC TRN U.ETF - INHABER-ANTEILE I O.N.;182,0
2019-02-28;IE00BJ0KDR00;ETF XTR.(IE) USA;345,0
2019-02-28;IE00B9CQXS71;X_SPDR S&P GLOB.DIV.ARISTOR.ETF;-289,0
2019-02-28;LU0292096186;X_DB.X-t.STOXX GL.SE.DIV.100 SE;-95,0
2019-02-28;FR0010378604;X_Lyxor UCITS ETF STOXX Europe Select Divide;-488,0
2019-02-28;IE00BQN1K901;ISHSIV-EDGE MSCI EU.VA.F.U.ETF;2192,0
2019-02-28;DE000ETFL045;X_Deka STOXX Europe Strong Value 20 UCITS ETF;-393,0
2019-02-28;DE000A0Q4R02;X_iShares STOXX Utilities Europe 600 (DE);-93,0
2019-02-28;LU0446734369;x_UBS ETF - MSCI EMU VALUE UCITS ETF;-76,0
2019-02-28;LU0322253906;ETF XTR.MSCI Europe Small CAP;307,0
2019-03-31;LU0360863863;ARERO - DER WELTFONDS - INHABER-ANTEILE O.N.;333,0
2019-03-31;LU0480132876;UBS-ETF-UBS-ETF MSCI E.M.U ETF - INHABER-ANTEILE A O.N.;257,0
2019-03-31;IE00B4PY7Y77;X_iShares USD High Yield Corporate Bond UCITS ETF;-83,0
2019-03-31;DE000A1CXBV8;X_FS LONG.DATED.ALL COMM.GO U. - BEARER SHARES (DT. ZERT.) O;748,0
2019-03-31;DE000ETFL235;X_Deka DAXplus Maximum Dividend UCITS ETF;-85,0
2019-03-31;IE00B0M63060;X_iShares UK Dividend (DE) UCITS ETF;-234,0
2019-03-31;LU0832436512;X_LYXOR MU (LU) - SG Global Quality Income NTR UCITS ETF;-41,0
2019-03-31;LU0392495023;X_COMSTA.-MSCI PACIFIC TRN U.ETF - INHABER-ANTEILE I O.N.;182,0
2019-03-31;IE00BJ0KDR00;ETF XTR.(IE) USA;345,0
2019-03-31;IE00B9CQXS71;X_SPDR S&P GLOB.DIV.ARISTOR.ETF;-289,0
2019-03-31;LU0292096186;X_DB.X-t.STOXX GL.SE.DIV.100 SE;-95,0
2019-03-31;FR0010378604;X_Lyxor UCITS ETF STOXX Europe Select Divide;-488,0
2019-03-31;IE00BQN1K901;ISHSIV-EDGE MSCI EU.VA.F.U.ETF;2192,0
2019-03-31;DE000ETFL045;X_Deka STOXX Europe Strong Value 20 UCITS ETF;-393,0
2019-03-31;DE000A0Q4R02;X_iShares STOXX Utilities Europe 600 (DE);-93,0
2019-03-31;LU0446734369;x_UBS ETF - MSCI EMU VALUE UCITS ETF;-76,0
2019-03-31;LU0322253906;ETF XTR.MSCI Europe Small CAP;307,0
2019-04-30;LU0360863863;ARERO - DER WELTFONDS - INHABER-ANTEILE O.N.;355,0
2019-04-30;LU0480132876;UBS-ETF-UBS-ETF MSCI E.M.U ETF - INHABER-ANTEILE A O.N.;263,0
2019-04-30;IE00B4PY7Y77;X_iShares USD High Yield Corporate Bond UCITS ETF;-83,0
2019-04-30;DE000A1CXBV8;X_FS LONG.DATED.ALL COMM.GO U. - BEARER SHARES (DT. ZERT.) O;805,0
2019-04-30;DE000ETFL235;X_Deka DAXplus Maximum Dividend UCITS ETF;-85,0
2019-04-30;IE00B0M63060;X_iShares UK Dividend (DE) UCITS ETF;-234,0
2019-04-30;LU0832436512;X_LYXOR MU (LU) - SG Global Quality Income NTR UCITS ETF;-41,0
2019-04-30;LU0392495023;X_COMSTA.-MSCI PACIFIC TRN U.ETF - INHABER-ANTEILE I O.N.;201,0
2019-04-30;IE00BJ0KDR00;ETF XTR.(IE) USA;372,0
2019-04-30;IE00B9CQXS71;X_SPDR S&P GLOB.DIV.ARISTOR.ETF;-289,0
2019-04-30;LU0292096186;X_DB.X-t.STOXX GL.SE.DIV.100 SE;-95,0
2019-04-30;FR0010378604;X_Lyxor UCITS ETF STOXX Europe Select Divide;-488,0
2019-04-30;IE00BQN1K901;ISHSIV-EDGE MSCI EU.VA.F.U.ETF;2410,0
2019-04-30;DE000ETFL045;X_Deka STOXX Europe Strong Value 20 UCITS ETF;-393,0
2019-04-30;DE000A0Q4R02;X_iShares STOXX Utilities Europe 600 (DE);-93,0
2019-04-30;LU0446734369;x_UBS ETF - MSCI EMU VALUE UCITS ETF;-76,0
2019-04-30;LU0322253906;ETF XTR.MSCI Europe Small CAP;328,0
2019-05-31;LU0360863863;ARERO - DER WELTFONDS - INHABER-ANTEILE O.N.;355,0
2019-05-31;LU0480132876;UBS-ETF-UBS-ETF MSCI E.M.U ETF - INHABER-ANTEILE A O.N.;263,0
2019-05-31;IE00B4PY7Y77;X_iShares USD High Yield Corporate Bond UCITS ETF;-83,0
2019-05-31;DE000A1CXBV8;X_FS LONG.DATED.ALL COMM.GO U. - BEARER SHARES (DT. ZERT.) O;805,0
2019-05-31;DE000ETFL235;X_Deka DAXplus Maximum Dividend UCITS ETF;-85,0
2019-05-31;IE00B0M63060;X_iShares UK Dividend (DE) UCITS ETF;-234,0
2019-05-31;LU0832436512;X_LYXOR MU (LU) - SG Global Quality Income NTR UCITS ETF;-41,0
2019-05-31;LU0392495023;X_COMSTA.-MSCI PACIFIC TRN U.ETF - INHABER-ANTEILE I O.N.;201,0
2019-05-31;IE00BJ0KDR00;ETF XTR.(IE) USA;372,0
2019-05-31;IE00B9CQXS71;X_SPDR S&P GLOB.DIV.ARISTOR.ETF;-289,0
2019-05-31;LU0292096186;X_DB.X-t.STOXX GL.SE.DIV.100 SE;-95,0
2019-05-31;FR0010378604;X_Lyxor UCITS ETF STOXX Europe Select Divide;-488,0
2019-05-31;IE00BQN1K901;ISHSIV-EDGE MSCI EU.VA.F.U.ETF;2410,0
2019-05-31;DE000ETFL045;X_Deka STOXX Europe Strong Value 20 UCITS ETF;-393,0
2019-05-31;DE000A0Q4R02;X_iShares STOXX Utilities Europe 600 (DE);-93,0
2019-05-31;LU0446734369;x_UBS ETF - MSCI EMU VALUE UCITS ETF;-76,0
2019-05-31;LU0322253906;ETF XTR.MSCI Europe Small CAP;328,0
2019-06-30;LU0360863863;ARERO - DER WELTFONDS - INHABER-ANTEILE O.N.;355,0
2019-06-30;LU0480132876;UBS-ETF-UBS-ETF MSCI E.M.U ETF - INHABER-ANTEILE A O.N.;263,0
2019-06-30;IE00B4PY7Y77;X_iShares USD High Yield Corporate Bond UCITS ETF;-83,0
2019-06-30;DE000A1CXBV8;X_FS LONG.DATED.ALL COMM.GO U. - BEARER SHARES (DT. ZERT.) O;805,0
2019-06-30;DE000ETFL235;X_Deka DAXplus Maximum Dividend UCITS ETF;-85,0
2019-06-30;IE00B0M63060;X_iShares UK Dividend (DE) UCITS ETF;-234,0
2019-06-30;LU0832436512;X_LYXOR MU (LU) - SG Global Quality Income NTR UCITS ETF;-41,0
2019-06-30;LU0392495023;X_COMSTA.-MSCI PACIFIC TRN U.ETF - INHABER-ANTEILE I O.N.;201,0
2019-06-30;IE00BJ0KDR00;ETF XTR.(IE) USA;372,0
2019-06-30;IE00B9CQXS71;X_SPDR S&P GLOB.DIV.ARISTOR.ETF;-289,0
2019-06-30;LU0292096186;X_DB.X-t.STOXX GL.SE.DIV.100 SE;-95,0
2019-06-30;FR0010378604;X_Lyxor UCITS ETF STOXX Europe Select Divide;-488,0
2019-06-30;IE00BQN1K901;ISHSIV-EDGE MSCI EU.VA.F.U.ETF;2410,0
2019-06-30;DE000ETFL045;X_Deka STOXX Europe Strong Value 20 UCITS ETF;-393,0
2019-06-30;DE000A0Q4R02;X_iShares STOXX Utilities Europe 600 (DE);-93,0
2019-06-30;LU0446734369;x_UBS ETF - MSCI EMU VALUE UCITS ETF;-76,0
2019-06-30;LU0322253906;ETF XTR.MSCI Europe Small CAP;328,0
2019-07-31;LU0360863863;ARERO - DER WELTFONDS - INHABER-ANTEILE O.N.;355,0
2019-07-31;LU0480132876;UBS-ETF-UBS-ETF MSCI E.M.U ETF - INHABER-ANTEILE A O.N.;263,0
2019-07-31;IE00B4PY7Y77;X_iShares USD High Yield Corporate Bond UCITS ETF;-83,0
2019-07-31;DE000A1CXBV8;X_FS LONG.DATED.ALL COMM.GO U. - BEARER SHARES (DT. ZERT.) O;805,0
2019-07-31;DE000ETFL235;X_Deka DAXplus Maximum Dividend UCITS ETF;-85,0
2019-07-31;IE00B0M63060;X_iShares UK Dividend (DE) UCITS ETF;-234,0
2019-07-31;LU0832436512;X_LYXOR MU (LU) - SG Global Quality Income NTR UCITS ETF;-41,0
2019-07-31;LU0392495023;X_COMSTA.-MSCI PACIFIC TRN U.ETF - INHABER-ANTEILE I O.N.;201,0
2019-07-31;IE00BJ0KDR00;ETF XTR.(IE) USA;372,0
2019-07-31;IE00B9CQXS71;X_SPDR S&P GLOB.DIV.ARISTOR.ETF;-289,0
2019-07-31;LU0292096186;X_DB.X-t.STOXX GL.SE.DIV.100 SE;-95,0
2019-07-31;FR0010378604;X_Lyxor UCITS ETF STOXX Europe Select Divide;-488,0
2019-07-31;IE00BQN1K901;ISHSIV-EDGE MSCI EU.VA.F.U.ETF;2410,0
2019-07-31;DE000ETFL045;X_Deka STOXX Europe Strong Value 20 UCITS ETF;-393,0
2019-07-31;DE000A0Q4R02;X_iShares STOXX Utilities Europe 600 (DE);-93,0
2019-07-31;LU0446734369;x_UBS ETF - MSCI EMU VALUE UCITS ETF;-76,0
2019-07-31;LU0322253906;ETF XTR.MSCI Europe Small CAP;328,0
2019-08-31;LU0360863863;ARERO - DER WELTFONDS - INHABER-ANTEILE O.N.;355,0
2019-08-31;LU0480132876;UBS-ETF-UBS-ETF MSCI E.M.U ETF - INHABER-ANTEILE A O.N.;263,0
2019-08-31;IE00B4PY7Y77;X_iShares USD High Yield Corporate Bond UCITS ETF;-83,0
2019-08-31;DE000A1CXBV8;X_FS LONG.DATED.ALL COMM.GO U. - BEARER SHARES (DT. ZERT.) O;805,0
2019-08-31;DE000ETFL235;X_Deka DAXplus Maximum Dividend UCITS ETF;-85,0
2019-08-31;IE00B0M63060;X_iShares UK Dividend (DE) UCITS ETF;-234,0
2019-08-31;LU0832436512;X_LYXOR MU (LU) - SG Global Quality Income NTR UCITS ETF;-41,0
2019-08-31;LU0392495023;X_COMSTA.-MSCI PACIFIC TRN U.ETF - INHABER-ANTEILE I O.N.;201,0
2019-08-31;IE00BJ0KDR00;ETF XTR.(IE) USA;372,0
2019-08-31;IE00B9CQXS71;X_SPDR S&P GLOB.DIV.ARISTOR.ETF;-289,0
2019-08-31;LU0292096186;X_DB.X-t.STOXX GL.SE.DIV.100 SE;-95,0
2019-08-31;FR0010378604;X_Lyxor UCITS ETF STOXX Europe Select Divide;-488,0
2019-08-31;IE00BQN1K901;ISHSIV-EDGE MSCI EU.VA.F.U.ETF;2410,0
2019-08-31;DE000ETFL045;X_Deka STOXX Europe Strong Value 20 UCITS ETF;-393,0
2019-08-31;DE000A0Q4R02;X_iShares STOXX Utilities Europe 600 (DE);-93,0
2019-08-31;LU0446734369;x_UBS ETF - MSCI EMU VALUE UCITS ETF;-76,0
2019-08-31;LU0322253906;ETF XTR.MSCI Europe Small CAP;328,0
2019-09-30;LU0360863863;ARERO - DER WELTFONDS - INHABER-ANTEILE O.N.;355,0
2019-09-30;LU0480132876;UBS-ETF-UBS-ETF MSCI E.M.U ETF - INHABER-ANTEILE A O.N.;263,0
2019-09-30;IE00B4PY7Y77;X_iShares USD High Yield Corporate Bond UCITS ETF;-83,0
2019-09-30;DE000A1CXBV8;X_FS LONG.DATED.ALL COMM.GO U. - BEARER SHARES (DT. ZERT.) O;805,0
2019-09-30;DE000ETFL235;X_Deka DAXplus Maximum Dividend UCITS ETF;-85,0
2019-09-30;IE00B0M63060;X_iShares UK Dividend (DE) UCITS ETF;-234,0
2019-09-30;LU0832436512;X_LYXOR MU (LU) - SG Global Quality Income NTR UCITS ETF;-41,0
2019-09-30;LU0392495023;X_COMSTA.-MSCI PACIFIC TRN U.ETF - INHABER-ANTEILE I O.N.;201,0
2019-09-30;IE00BJ0KDR00;ETF XTR.(IE) USA;372,0
2019-09-30;IE00B9CQXS71;X_SPDR S&P GLOB.DIV.ARISTOR.ETF;-289,0
2019-09-30;LU0292096186;X_DB.X-t.STOXX GL.SE.DIV.100 SE;-95,0
2019-09-30;FR0010378604;X_Lyxor UCITS ETF STOXX Europe Select Divide;-488,0
2019-09-30;IE00BQN1K901;ISHSIV-EDGE MSCI EU.VA.F.U.ETF;2410,0
2019-09-30;DE000ETFL045;X_Deka STOXX Europe Strong Value 20 UCITS ETF;-393,0
2019-09-30;DE000A0Q4R02;X_iShares STOXX Utilities Europe 600 (DE);-93,0
2019-09-30;LU0446734369;x_UBS ETF - MSCI EMU VALUE UCITS ETF;-76,0
2019-09-30;LU0322253906;ETF XTR.MSCI Europe Small CAP;328,0
2019-10-31;LU0360863863;ARERO - DER WELTFONDS - INHABER-ANTEILE O.N.;355,0
2019-10-31;LU0480132876;UBS-ETF-UBS-ETF MSCI E.M.U ETF - INHABER-ANTEILE A O.N.;263,0
2019-10-31;IE00B4PY7Y77;X_iShares USD High Yield Corporate Bond UCITS ETF;-83,0
2019-10-31;DE000A1CXBV8;X_FS LONG.DATED.ALL COMM.GO U. - BEARER SHARES (DT. ZERT.) O;805,0
2019-10-31;DE000ETFL235;X_Deka DAXplus Maximum Dividend UCITS ETF;-85,0
2019-10-31;IE00B0M63060;X_iShares UK Dividend (DE) UCITS ETF;-234,0
2019-10-31;LU0832436512;X_LYXOR MU (LU) - SG Global Quality Income NTR UCITS ETF;-41,0
2019-10-31;LU0392495023;X_COMSTA.-MSCI PACIFIC TRN U.ETF - INHABER-ANTEILE I O.N.;201,0
2019-10-31;IE00BJ0KDR00;ETF XTR.(IE) USA;372,0
2019-10-31;IE00B9CQXS71;X_SPDR S&P GLOB.DIV.ARISTOR.ETF;-289,0
2019-10-31;LU0292096186;X_DB.X-t.STOXX GL.SE.DIV.100 SE;-95,0
2019-10-31;FR0010378604;X_Lyxor UCITS ETF STOXX Europe Select Divide;-488,0
2019-10-31;IE00BQN1K901;ISHSIV-EDGE MSCI EU.VA.F.U.ETF;2410,0
2019-10-31;DE000ETFL045;X_Deka STOXX Europe Strong Value 20 UCITS ETF;-393,0
2019-10-31;DE000A0Q4R02;X_iShares STOXX Utilities Europe 600 (DE);-93,0
2019-10-31;LU0446734369;x_UBS ETF - MSCI EMU VALUE UCITS ETF;-76,0
2019-10-31;LU0322253906;ETF XTR.MSCI Europe Small CAP;328,0
2019-11-30;LU0360863863;ARERO - DER WELTFONDS - INHABER-ANTEILE O.N.;382,0
2019-11-30;LU0480132876;UBS-ETF-UBS-ETF MSCI E.M.U ETF - INHABER-ANTEILE A O.N.;304,0
2019-11-30;IE00B4PY7Y77;X_iShares USD High Yield Corporate Bond UCITS ETF;-83,0
2019-11-30;DE000A1CXBV8;X_FS LONG.DATED.ALL COMM.GO U. - BEARER SHARES (DT. ZERT.) O;910,0
2019-11-30;DE000ETFL235;X_Deka DAXplus Maximum Dividend UCITS ETF;-85,0
2019-11-30;IE00B0M63060;X_iShares UK Dividend (DE) UCITS ETF;-234,0
2019-11-30;LU0832436512;X_LYXOR MU (LU) - SG Global Quality Income NTR UCITS ETF;-41,0
2019-11-30;LU0392495023;X_COMSTA.-MSCI PACIFIC TRN U.ETF - INHABER-ANTEILE I O.N.;217,0
2019-11-30;IE00BJ0KDR00;ETF XTR.(IE) USA;393,0
2019-11-30;IE00B9CQXS71;X_SPDR S&P GLOB.DIV.ARISTOR.ETF;-289,0
2019-11-30;LU0292096186;X_DB.X-t.STOXX GL.SE.DIV.100 SE;-95,0
2019-11-30;IE00BKWQ0M75;SSGA S.ETF E.II-M.EUROP.SM.CAP - REGISTERED SHARES O.N.;33,0
2019-11-30;FR0010378604;X_Lyxor UCITS ETF STOXX Europe Select Divide;-488,0
2019-11-30;IE00BQN1K901;ISHSIV-EDGE MSCI EU.VA.F.U.ETF;2695,0
2019-11-30;DE000ETFL045;X_Deka STOXX Europe Strong Value 20 UCITS ETF;-393,0
2019-11-30;DE000A0Q4R02;X_iShares STOXX Utilities Europe 600 (DE);-93,0
2019-11-30;LU0446734369;x_UBS ETF - MSCI EMU VALUE UCITS ETF;-76,0
2019-11-30;LU0322253906;ETF XTR.MSCI Europe Small CAP;328,0
2019-12-31;LU0360863863;ARERO - DER WELTFONDS - INHABER-ANTEILE O.N.;382,0
2019-12-31;LU0480132876;UBS-ETF-UBS-ETF MSCI E.M.U ETF - INHABER-ANTEILE A O.N.;304,0
2019-12-31;IE00B4PY7Y77;X_iShares USD High Yield Corporate Bond UCITS ETF;-83,0
2019-12-31;DE000A1CXBV8;X_FS LONG.DATED.ALL COMM.GO U. - BEARER SHARES (DT. ZERT.) O;910,0
2019-12-31;DE000ETFL235;X_Deka DAXplus Maximum Dividend UCITS ETF;-85,0
2019-12-31;IE00B0M63060;X_iShares UK Dividend (DE) UCITS ETF;-234,0
2019-12-31;LU0832436512;X_LYXOR MU (LU) - SG Global Quality Income NTR UCITS ETF;-41,0
2019-12-31;LU0392495023;X_COMSTA.-MSCI PACIFIC TRN U.ETF - INHABER-ANTEILE I O.N.;217,0
2019-12-31;IE00BJ0KDR00;ETF XTR.(IE) USA;393,0
2019-12-31;IE00B9CQXS71;X_SPDR S&P GLOB.DIV.ARISTOR.ETF;-289,0
2019-12-31;LU0292096186;X_DB.X-t.STOXX GL.SE.DIV.100 SE;-95,0
2019-12-31;FR0010378604;X_Lyxor UCITS ETF STOXX Europe Select Divide;-488,0
2019-12-31;IE00BQN1K901;ISHSIV-EDGE MSCI EU.VA.F.U.ETF;2695,0
2019-12-31;DE000ETFL045;X_Deka STOXX Europe Strong Value 20 UCITS ETF;-393,0
2019-12-31;DE000A0Q4R02;X_iShares STOXX Utilities Europe 600 (DE);-93,0
2019-12-31;LU0446734369;x_UBS ETF - MSCI EMU VALUE UCITS ETF;-76,0
2019-12-31;LU0322253906;ETF XTR.MSCI Europe Small CAP;361,0
2020-01-31;LU0360863863;ARERO - DER WELTFONDS - INHABER-ANTEILE O.N.;382,0
2020-01-31;LU0480132876;UBS-ETF-UBS-ETF MSCI E.M.U ETF - INHABER-ANTEILE A O.N.;304,0
2020-01-31;IE00B4PY7Y77;X_iShares USD High Yield Corporate Bond UCITS ETF;-83,0
2020-01-31;DE000A1CXBV8;X_FS LONG.DATED.ALL COMM.GO U. - BEARER SHARES (DT. ZERT.) O;910,0
2020-01-31;DE000ETFL235;X_Deka DAXplus Maximum Dividend UCITS ETF;-85,0
2020-01-31;IE00B0M63060;X_iShares UK Dividend (DE) UCITS ETF;-234,0
2020-01-31;LU0832436512;X_LYXOR MU (LU) - SG Global Quality Income NTR UCITS ETF;-41,0
2020-01-31;LU0392495023;X_COMSTA.-MSCI PACIFIC TRN U.ETF - INHABER-ANTEILE I O.N.;217,0
2020-01-31;IE00BJ0KDR00;ETF XTR.(IE) USA;393,0
2020-01-31;IE00B9CQXS71;X_SPDR S&P GLOB.DIV.ARISTOR.ETF;-289,0
2020-01-31;LU0292096186;X_DB.X-t.STOXX GL.SE.DIV.100 SE;-95,0
2020-01-31;FR0010378604;X_Lyxor UCITS ETF STOXX Europe Select Divide;-488,0
2020-01-31;IE00BQN1K901;ISHSIV-EDGE MSCI EU.VA.F.U.ETF;2695,0
2020-01-31;DE000ETFL045;X_Deka STOXX Europe Strong Value 20 UCITS ETF;-393,0
2020-01-31;DE000A0Q4R02;X_iShares STOXX Utilities Europe 600 (DE);-93,0
2020-01-31;LU0446734369;x_UBS ETF - MSCI EMU VALUE UCITS ETF;-76,0
2020-01-31;LU0322253906;ETF XTR.MSCI Europe Small CAP;361,0
2020-02-29;LU0360863863;ARERO - DER WELTFONDS - INHABER-ANTEILE O.N.;382,0
2020-02-29;LU0480132876;UBS-ETF-UBS-ETF MSCI E.M.U ETF - INHABER-ANTEILE A O.N.;304,0
2020-02-29;IE00B4PY7Y77;X_iShares USD High Yield Corporate Bond UCITS ETF;-83,0
2020-02-29;DE000A1CXBV8;X_FS LONG.DATED.ALL COMM.GO U. - BEARER SHARES (DT. ZERT.) O;910,0
2020-02-29;DE000ETFL235;X_Deka DAXplus Maximum Dividend UCITS ETF;-85,0
2020-02-29;IE00B0M63060;X_iShares UK Dividend (DE) UCITS ETF;-234,0
2020-02-29;LU0832436512;X_LYXOR MU (LU) - SG Global Quality Income NTR UCITS ETF;-41,0
2020-02-29;LU0392495023;X_COMSTA.-MSCI PACIFIC TRN U.ETF - INHABER-ANTEILE I O.N.;217,0
2020-02-29;IE00BJ0KDR00;ETF XTR.(IE) USA;393,0
2020-02-29;IE00B9CQXS71;X_SPDR S&P GLOB.DIV.ARISTOR.ETF;-289,0
2020-02-29;LU0292096186;X_DB.X-t.STOXX GL.SE.DIV.100 SE;-95,0
2020-02-29;FR0010378604;X_Lyxor UCITS ETF STOXX Europe Select Divide;-488,0
2020-02-29;IE00BQN1K901;ISHSIV-EDGE MSCI EU.VA.F.U.ETF;2695,0
2020-02-29;DE000ETFL045;X_Deka STOXX Europe Strong Value 20 UCITS ETF;-393,0
2020-02-29;DE000A0Q4R02;X_iShares STOXX Utilities Europe 600 (DE);-93,0
2020-02-29;LU0446734369;x_UBS ETF - MSCI EMU VALUE UCITS ETF;-76,0
2020-02-29;LU0322253906;ETF XTR.MSCI Europe Small CAP;361,0
2020-03-31;LU0360863863;ARERO - DER WELTFONDS - INHABER-ANTEILE O.N.;404,0
2020-03-31;LU0480132876;UBS-ETF-UBS-ETF MSCI E.M.U ETF - INHABER-ANTEILE A O.N.;318,0
2020-03-31;IE00B4PY7Y77;X_iShares USD High Yield Corporate Bond UCITS ETF;-83,0
2020-03-31;DE000A1CXBV8;X_FS LONG.DATED.ALL COMM.GO U. - BEARER SHARES (DT. ZERT.) O;991,0
2020-03-31;DE000ETFL235;X_Deka DAXplus Maximum Dividend UCITS ETF;-85,0
2020-03-31;IE00B0M63060;X_iShares UK Dividend (DE) UCITS ETF;-234,0
2020-03-31;LU0832436512;X_LYXOR MU (LU) - SG Global Quality Income NTR UCITS ETF;-41,0
2020-03-31;LU0392495023;X_COMSTA.-MSCI PACIFIC TRN U.ETF - INHABER-ANTEILE I O.N.;237,0
2020-03-31;IE00BJ0KDR00;ETF XTR.(IE) USA;403,0
2020-03-31;IE00B9CQXS71;X_SPDR S&P GLOB.DIV.ARISTOR.ETF;-289,0
2020-03-31;LU0292096186;X_DB.X-t.STOXX GL.SE.DIV.100 SE;-95,0
2020-03-31;FR0010378604;X_Lyxor UCITS ETF STOXX Europe Select Divide;-488,0
2020-03-31;IE00BQN1K901;ISHSIV-EDGE MSCI EU.VA.F.U.ETF;2919,0
2020-03-31;DE000ETFL045;X_Deka STOXX Europe Strong Value 20 UCITS ETF;-393,0
2020-03-31;DE000A0Q4R02;X_iShares STOXX Utilities Europe 600 (DE);-93,0
2020-03-31;LU0446734369;x_UBS ETF - MSCI EMU VALUE UCITS ETF;-76,0
2020-03-31;LU0322253906;ETF XTR.MSCI Europe Small CAP;361,0
2020-04-30;LU0360863863;ARERO - DER WELTFONDS - INHABER-ANTEILE O.N.;404,0
2020-04-30;LU0480132876;UBS-ETF-UBS-ETF MSCI E.M.U ETF - INHABER-ANTEILE A O.N.;318,0
2020-04-30;IE00B4PY7Y77;X_iShares USD High Yield Corporate Bond UCITS ETF;-83,0
2020-04-30;DE000ETFL235;X_Deka DAXplus Maximum Dividend UCITS ETF;-85,0
2020-04-30;IE00B0M63060;X_iShares UK Dividend (DE) UCITS ETF;-234,0
2020-04-30;LU0832436512;X_LYXOR MU (LU) - SG Global Quality Income NTR UCITS ETF;-41,0
2020-04-30;LU0392495023;X_COMSTA.-MSCI PACIFIC TRN U.ETF - INHABER-ANTEILE I O.N.;237,0
2020-04-30;IE00BJ0KDR00;ETF XTR.(IE) USA;403,0
2020-04-30;IE00B9CQXS71;X_SPDR S&P GLOB.DIV.ARISTOR.ETF;-289,0
2020-04-30;LU0292096186;X_DB.X-t.STOXX GL.SE.DIV.100 SE;-95,0
2020-04-30;FR0010378604;X_Lyxor UCITS ETF STOXX Europe Select Divide;-488,0
2020-04-30;IE00BQN1K901;ISHSIV-EDGE MSCI EU.VA.F.U.ETF;2919,0
2020-04-30;DE000ETFL045;X_Deka STOXX Europe Strong Value 20 UCITS ETF;-393,0
2020-04-30;DE000A0Q4R02;X_iShares STOXX Utilities Europe 600 (DE);-93,0
2020-04-30;LU0446734369;x_UBS ETF - MSCI EMU VALUE UCITS ETF;-76,0
2020-04-30;LU0322253906;ETF XTR.MSCI Europe Small CAP;361,0
2020-04-30;IE00B4WPHX27;L&G-L&G L.Dated all Comm U.ETF;991,0
2020-05-31;LU0360863863;ARERO - DER WELTFONDS - INHABER-ANTEILE O.N.;423,0
2020-05-31;LU0480132876;UBS-ETF-UBS-ETF MSCI E.M.U ETF - INHABER-ANTEILE A O.N.;347,0
2020-05-31;IE00B4PY7Y77;X_iShares USD High Yield Corporate Bond UCITS ETF;-83,0
2020-05-31;DE000ETFL235;X_Deka DAXplus Maximum Dividend UCITS ETF;-85,0
2020-05-31;IE00B0M63060;X_iShares UK Dividend (DE) UCITS ETF;-234,0
2020-05-31;LU0832436512;X_LYXOR MU (LU) - SG Global Quality Income NTR UCITS ETF;-41,0
2020-05-31;LU0392495023;X_COMSTA.-MSCI PACIFIC TRN U.ETF - INHABER-ANTEILE I O.N.;237,0
2020-05-31;IE00BJ0KDR00;ETF XTR.(IE) USA;403,0
2020-05-31;IE00B9CQXS71;X_SPDR S&P GLOB.DIV.ARISTOR.ETF;-289,0
2020-05-31;LU0292096186;X_DB.X-t.STOXX GL.SE.DIV.100 SE;-95,0
2020-05-31;FR0010378604;X_Lyxor UCITS ETF STOXX Europe Select Divide;-488,0
2020-05-31;IE00BQN1K901;ISHSIV-EDGE MSCI EU.VA.F.U.ETF;3459,0
2020-05-31;DE000ETFL045;X_Deka STOXX Europe Strong Value 20 UCITS ETF;-393,0
2020-05-31;DE000A0Q4R02;X_iShares STOXX Utilities Europe 600 (DE);-93,0
2020-05-31;LU0446734369;x_UBS ETF - MSCI EMU VALUE UCITS ETF;-76,0
2020-05-31;LU0322253906;ETF XTR.MSCI Europe Small CAP;432,0
2020-05-31;IE00B4WPHX27;L&G-L&G L.Dated all Comm U.ETF;1072,0
2020-06-30;LU0360863863;ARERO - DER WELTFONDS - INHABER-ANTEILE O.N.;423,0
2020-06-30;LU0480132876;UBS-ETF-UBS-ETF MSCI E.M.U ETF - INHABER-ANTEILE A O.N.;347,0
2020-06-30;IE00B4PY7Y77;X_iShares USD High Yield Corporate Bond UCITS ETF;-83,0
2020-06-30;DE000ETFL235;X_Deka DAXplus Maximum Dividend UCITS ETF;-85,0
2020-06-30;IE00B0M63060;X_iShares UK Dividend (DE) UCITS ETF;-234,0
2020-06-30;LU0832436512;X_LYXOR MU (LU) - SG Global Quality Income NTR UCITS ETF;-41,0
2020-06-30;LU0392495023;X_COMSTA.-MSCI PACIFIC TRN U.ETF - INHABER-ANTEILE I O.N.;237,0
2020-06-30;IE00BJ0KDR00;ETF XTR.(IE) USA;403,0
2020-06-30;IE00B9CQXS71;X_SPDR S&P GLOB.DIV.ARISTOR.ETF;-289,0
2020-06-30;LU0292096186;X_DB.X-t.STOXX GL.SE.DIV.100 SE;-95,0
2020-06-30;FR0010378604;X_Lyxor UCITS ETF STOXX Europe Select Divide;-488,0
2020-06-30;IE00BQN1K901;ISHSIV-EDGE MSCI EU.VA.F.U.ETF;3459,0
2020-06-30;DE000ETFL045;X_Deka STOXX Europe Strong Value 20 UCITS ETF;-393,0
2020-06-30;DE000A0Q4R02;X_iShares STOXX Utilities Europe 600 (DE);-93,0
2020-06-30;LU0446734369;x_UBS ETF - MSCI EMU VALUE UCITS ETF;-76,0
2020-06-30;LU0322253906;ETF XTR.MSCI Europe Small CAP;432,0
2020-06-30;IE00B4WPHX27;L&G-L&G L.Dated all Comm U.ETF;1072,0
2020-07-31;LU0360863863;ARERO - DER WELTFONDS - INHABER-ANTEILE O.N.;423,0
2020-07-31;LU0480132876;UBS-ETF-UBS-ETF MSCI E.M.U ETF - INHABER-ANTEILE A O.N.;347,0
2020-07-31;IE00B4PY7Y77;X_iShares USD High Yield Corporate Bond UCITS ETF;-83,0
2020-07-31;DE000ETFL235;X_Deka DAXplus Maximum Dividend UCITS ETF;-85,0
2020-07-31;IE00B0M63060;X_iShares UK Dividend (DE) UCITS ETF;-234,0
2020-07-31;LU0832436512;X_LYXOR MU (LU) - SG Global Quality Income NTR UCITS ETF;-41,0
2020-07-31;LU0392495023;X_COMSTA.-MSCI PACIFIC TRN U.ETF - INHABER-ANTEILE I O.N.;237,0
2020-07-31;IE00BJ0KDR00;ETF XTR.(IE) USA;403,0
2020-07-31;IE00B9CQXS71;X_SPDR S&P GLOB.DIV.ARISTOR.ETF;-289,0
2020-07-31;LU0292096186;X_DB.X-t.STOXX GL.SE.DIV.100 SE;-95,0
2020-07-31;FR0010378604;X_Lyxor UCITS ETF STOXX Europe Select Divide;-488,0
2020-07-31;IE00BQN1K901;ISHSIV-EDGE MSCI EU.VA.F.U.ETF;3459,0
2020-07-31;DE000ETFL045;X_Deka STOXX Europe Strong Value 20 UCITS ETF;-393,0
2020-07-31;DE000A0Q4R02;X_iShares STOXX Utilities Europe 600 (DE);-93,0
2020-07-31;LU0446734369;x_UBS ETF - MSCI EMU VALUE UCITS ETF;-76,0
2020-07-31;LU0322253906;ETF XTR.MSCI Europe Small CAP;432,0
2020-07-31;IE00B4WPHX27;L&G-L&G L.Dated all Comm U.ETF;1072,0
2020-08-31;LU0360863863;ARERO - DER WELTFONDS - INHABER-ANTEILE O.N.;423,0
2020-08-31;LU0480132876;UBS-ETF-UBS-ETF MSCI E.M.U ETF - INHABER-ANTEILE A O.N.;347,0
2020-08-31;IE00B4PY7Y77;X_iShares USD High Yield Corporate Bond UCITS ETF;-83,0
2020-08-31;DE000ETFL235;X_Deka DAXplus Maximum Dividend UCITS ETF;-85,0
2020-08-31;IE00B0M63060;X_iShares UK Dividend (DE) UCITS ETF;-234,0
2020-08-31;LU0832436512;X_LYXOR MU (LU) - SG Global Quality Income NTR UCITS ETF;-41,0
2020-08-31;LU0392495023;X_COMSTA.-MSCI PACIFIC TRN U.ETF - INHABER-ANTEILE I O.N.;237,0
2020-08-31;IE00BJ0KDR00;ETF XTR.(IE) USA;403,0
2020-08-31;IE00B9CQXS71;X_SPDR S&P GLOB.DIV.ARISTOR.ETF;-289,0
2020-08-31;LU0292096186;X_DB.X-t.STOXX GL.SE.DIV.100 SE;-95,0
2020-08-31;FR0010378604;X_Lyxor UCITS ETF STOXX Europe Select Divide;-488,0
2020-08-31;IE00BQN1K901;ISHSIV-EDGE MSCI EU.VA.F.U.ETF;3459,0
2020-08-31;DE000ETFL045;X_Deka STOXX Europe Strong Value 20 UCITS ETF;-393,0
2020-08-31;DE000A0Q4R02;X_iShares STOXX Utilities Europe 600 (DE);-93,0
2020-08-31;LU0446734369;x_UBS ETF - MSCI EMU VALUE UCITS ETF;-76,0
2020-08-31;LU0322253906;ETF XTR.MSCI Europe Small CAP;432,0
2020-08-31;IE00B4WPHX27;L&G-L&G L.Dated all Comm U.ETF;1072,0
2020-09-30;LU0360863863;ARERO - DER WELTFONDS - INHABER-ANTEILE O.N.;463,0
2020-09-30;LU0480132876;UBS-ETF-UBS-ETF MSCI E.M.U ETF - INHABER-ANTEILE A O.N.;363,0
2020-09-30;IE00B4PY7Y77;X_iShares USD High Yield Corporate Bond UCITS ETF;-83,0
2020-09-30;DE000ETFL235;X_Deka DAXplus Maximum Dividend UCITS ETF;-85,0
2020-09-30;IE00B0M63060;X_iShares UK Dividend (DE) UCITS ETF;-234,0
2020-09-30;LU0832436512;X_LYXOR MU (LU) - SG Global Quality Income NTR UCITS ETF;-41,0
2020-09-30;LU0392495023;X_COMSTA.-MSCI PACIFIC TRN U.ETF - INHABER-ANTEILE I O.N.;282,0
2020-09-30;IE00BJ0KDR00;ETF XTR.(IE) USA;439,0
2020-09-30;IE00B9CQXS71;X_SPDR S&P GLOB.DIV.ARISTOR.ETF;-289,0
2020-09-30;LU0292096186;X_DB.X-t.STOXX GL.SE.DIV.100 SE;-95,0
2020-09-30;FR0010378604;X_Lyxor UCITS ETF STOXX Europe Select Divide;-488,0
2020-09-30;IE00BQN1K901;ISHSIV-EDGE MSCI EU.VA.F.U.ETF;3872,0
2020-09-30;DE000ETFL045;X_Deka STOXX Europe Strong Value 20 UCITS ETF;-393,0
2020-09-30;DE000A0Q4R02;X_iShares STOXX Utilities Europe 600 (DE);-93,0
2020-09-30;LU0446734369;x_UBS ETF - MSCI EMU VALUE UCITS ETF;-76,0
2020-09-30;LU0322253906;ETF XTR.MSCI Europe Small CAP;446,0
2020-09-30;IE00B4WPHX27;L&G-L&G L.Dated all Comm U.ETF;1176,0
2020-10-31;LU0360863863;ARERO - DER WELTFONDS - INHABER-ANTEILE O.N.;607,0
2020-10-31;LU0480132876;UBS-ETF-UBS-ETF MSCI E.M.U ETF - INHABER-ANTEILE A O.N.;476,0
2020-10-31;IE00B4PY7Y77;X_iShares USD High Yield Corporate Bond UCITS ETF;-83,0
2020-10-31;DE000ETFL235;X_Deka DAXplus Maximum Dividend UCITS ETF;-85,0
2020-10-31;IE00B0M63060;X_iShares UK Dividend (DE) UCITS ETF;-234,0
2020-10-31;LU0832436512;X_LYXOR MU (LU) - SG Global Quality Income NTR UCITS ETF;-41,0
2020-10-31;LU0392495023;X_COMSTA.-MSCI PACIFIC TRN U.ETF - INHABER-ANTEILE I O.N.;370,0
2020-10-31;IE00BJ0KDR00;ETF XTR.(IE) USA;572,0
2020-10-31;IE00B9CQXS71;X_SPDR S&P GLOB.DIV.ARISTOR.ETF;-289,0
2020-10-31;LU0292096186;X_DB.X-t.STOXX GL.SE.DIV.100 SE;-95,0
2020-10-31;FR0010378604;X_Lyxor UCITS ETF STOXX Europe Select Divide;-488,0
2020-10-31;IE00BQN1K901;ISHSIV-EDGE MSCI EU.VA.F.U.ETF;5094,0
2020-10-31;DE000ETFL045;X_Deka STOXX Europe Strong Value 20 UCITS ETF;-393,0
2020-10-31;DE000A0Q4R02;X_iShares STOXX Utilities Europe 600 (DE);-93,0
2020-10-31;LU0446734369;x_UBS ETF - MSCI EMU VALUE UCITS ETF;-76,0
2020-10-31;LU0322253906;ETF XTR.MSCI Europe Small CAP;584,0
2020-10-31;IE00B4WPHX27;L&G-L&G L.Dated all Comm U.ETF;1544,0
2020-11-30;LU0360863863;ARERO - DER WELTFONDS - INHABER-ANTEILE O.N.;607,0
2020-11-30;LU0480132876;UBS-ETF-UBS-ETF MSCI E.M.U ETF - INHABER-ANTEILE A O.N.;476,0
2020-11-30;IE00B4PY7Y77;X_iShares USD High Yield Corporate Bond UCITS ETF;-83,0
2020-11-30;DE000ETFL235;X_Deka DAXplus Maximum Dividend UCITS ETF;-85,0
2020-11-30;IE00B0M63060;X_iShares UK Dividend (DE) UCITS ETF;-234,0
2020-11-30;LU0832436512;X_LYXOR MU (LU) - SG Global Quality Income NTR UCITS ETF;-41,0
2020-11-30;LU0392495023;X_COMSTA.-MSCI PACIFIC TRN U.ETF - INHABER-ANTEILE I O.N.;370,0
2020-11-30;IE00BJ0KDR00;ETF XTR.(IE) USA;572,0
2020-11-30;IE00B9CQXS71;X_SPDR S&P GLOB.DIV.ARISTOR.ETF;-289,0
2020-11-30;LU0292096186;X_DB.X-t.STOXX GL.SE.DIV.100 SE;-95,0
2020-11-30;FR0010378604;X_Lyxor UCITS ETF STOXX Europe Select Divide;-488,0
2020-11-30;IE00BQN1K901;ISHSIV-EDGE MSCI EU.VA.F.U.ETF;5094,0
2020-11-30;DE000ETFL045;X_Deka STOXX Europe Strong Value 20 UCITS ETF;-393,0
2020-11-30;DE000A0Q4R02;X_iShares STOXX Utilities Europe 600 (DE);-93,0
2020-11-30;LU0446734369;x_UBS ETF - MSCI EMU VALUE UCITS ETF;-76,0
2020-11-30;LU0322253906;ETF XTR.MSCI Europe Small CAP;584,0
2020-11-30;IE00B4WPHX27;L&G-L&G L.Dated all Comm U.ETF;1544,0
2020-12-31;LU0360863863;ARERO - DER WELTFONDS - INHABER-ANTEILE O.N.;607,0
2020-12-31;LU0480132876;UBS-ETF-UBS-ETF MSCI E.M.U ETF - INHABER-ANTEILE A O.N.;476,0
2020-12-31;IE00B4PY7Y77;X_iShares USD High Yield Corporate Bond UCITS ETF;-83,0
2020-12-31;DE000ETFL235;X_Deka DAXplus Maximum Dividend UCITS ETF;-85,0
2020-12-31;IE00B0M63060;X_iShares UK Dividend (DE) UCITS ETF;-234,0
2020-12-31;LU0832436512;X_LYXOR MU (LU) - SG Global Quality Income NTR UCITS ETF;-41,0
2020-12-31;LU0392495023;X_COMSTA.-MSCI PACIFIC TRN U.ETF - INHABER-ANTEILE I O.N.;370,0
2020-12-31;IE00BJ0KDR00;ETF XTR.(IE) USA;572,0
2020-12-31;IE00B9CQXS71;X_SPDR S&P GLOB.DIV.ARISTOR.ETF;-289,0
2020-12-31;LU0292096186;X_DB.X-t.STOXX GL.SE.DIV.100 SE;-95,0
2020-12-31;FR0010378604;X_Lyxor UCITS ETF STOXX Europe Select Divide;-488,0
2020-12-31;IE00BQN1K901;ISHSIV-EDGE MSCI EU.VA.F.U.ETF;5094,0
2020-12-31;DE000ETFL045;X_Deka STOXX Europe Strong Value 20 UCITS ETF;-393,0
2020-12-31;DE000A0Q4R02;X_iShares STOXX Utilities Europe 600 (DE);-93,0
2020-12-31;LU0446734369;x_UBS ETF - MSCI EMU VALUE UCITS ETF;-76,0
2020-12-31;LU0322253906;ETF XTR.MSCI Europe Small CAP;584,0
2020-12-31;IE00B4WPHX27;L&G-L&G L.Dated all Comm U.ETF;1544,0
2021-01-31;LU0360863863;ARERO - DER WELTFONDS - INHABER-ANTEILE O.N.;607,0
2021-01-31;LU0480132876;UBS-ETF-UBS-ETF MSCI E.M.U ETF - INHABER-ANTEILE A O.N.;476,0
2021-01-31;IE00B4PY7Y77;X_iShares USD High Yield Corporate Bond UCITS ETF;-83,0
2021-01-31;DE000ETFL235;X_Deka DAXplus Maximum Dividend UCITS ETF;-85,0
2021-01-31;IE00B0M63060;X_iShares UK Dividend (DE) UCITS ETF;-234,0
2021-01-31;LU0832436512;X_LYXOR MU (LU) - SG Global Quality Income NTR UCITS ETF;-41,0
2021-01-31;LU0392495023;X_COMSTA.-MSCI PACIFIC TRN U.ETF - INHABER-ANTEILE I O.N.;370,0
2021-01-31;IE00BJ0KDR00;ETF XTR.(IE) USA;572,0
2021-01-31;IE00B9CQXS71;X_SPDR S&P GLOB.DIV.ARISTOR.ETF;-289,0
2021-01-31;LU0292096186;X_DB.X-t.STOXX GL.SE.DIV.100 SE;-95,0
2021-01-31;FR0010378604;X_Lyxor UCITS ETF STOXX Europe Select Divide;-488,0
2021-01-31;IE00BQN1K901;ISHSIV-EDGE MSCI EU.VA.F.U.ETF;5094,0
2021-01-31;DE000ETFL045;X_Deka STOXX Europe Strong Value 20 UCITS ETF;-393,0
2021-01-31;DE000A0Q4R02;X_iShares STOXX Utilities Europe 600 (DE);-93,0
2021-01-31;LU0446734369;x_UBS ETF - MSCI EMU VALUE UCITS ETF;-76,0
2021-01-31;LU0322253906;ETF XTR.MSCI Europe Small CAP;584,0
2021-01-31;IE00B4WPHX27;L&G-L&G L.Dated all Comm U.ETF;1544,0
2021-02-28;LU0360863863;ARERO - DER WELTFONDS - INHABER-ANTEILE O.N.;607,0
2021-02-28;LU0480132876;UBS-ETF-UBS-ETF MSCI E.M.U ETF - INHABER-ANTEILE A O.N.;476,0
2021-02-28;IE00B4PY7Y77;X_iShares USD High Yield Corporate Bond UCITS ETF;-83,0
2021-02-28;DE000ETFL235;X_Deka DAXplus Maximum Dividend UCITS ETF;-85,0
2021-02-28;IE00B0M63060;X_iShares UK Dividend (DE) UCITS ETF;-234,0
2021-02-28;LU0832436512;X_LYXOR MU (LU) - SG Global Quality Income NTR UCITS ETF;-41,0
2021-02-28;LU0392495023;X_COMSTA.-MSCI PACIFIC TRN U.ETF - INHABER-ANTEILE I O.N.;370,0
2021-02-28;IE00BJ0KDR00;ETF XTR.(IE) USA;572,0
2021-02-28;IE00B9CQXS71;X_SPDR S&P GLOB.DIV.ARISTOR.ETF;-289,0
2021-02-28;LU0292096186;X_DB.X-t.STOXX GL.SE.DIV.100 SE;-95,0
2021-02-28;FR0010378604;X_Lyxor UCITS ETF STOXX Europe Select Divide;-488,0
2021-02-28;IE00BQN1K901;ISHSIV-EDGE MSCI EU.VA.F.U.ETF;5094,0
2021-02-28;DE000ETFL045;X_Deka STOXX Europe Strong Value 20 UCITS ETF;-393,0
2021-02-28;DE000A0Q4R02;X_iShares STOXX Utilities Europe 600 (DE);-93,0
2021-02-28;LU0446734369;x_UBS ETF - MSCI EMU VALUE UCITS ETF;-76,0
2021-02-28;LU0322253906;ETF XTR.MSCI Europe Small CAP;584,0
2021-02-28;IE00B4WPHX27;L&G-L&G L.Dated all Comm U.ETF;1544,0
2021-03-31;LU0360863863;ARERO - DER WELTFONDS - INHABER-ANTEILE O.N.;903,0
2021-03-31;LU0480132876;UBS-ETF-UBS-ETF MSCI E.M.U ETF - INHABER-ANTEILE A O.N.;579,0
2021-03-31;IE00B4PY7Y77;X_iShares USD High Yield Corporate Bond UCITS ETF;-83,0
2021-03-31;DE000ETFL235;X_Deka DAXplus Maximum Dividend UCITS ETF;-85,0
2021-03-31;IE00B0M63060;X_iShares UK Dividend (DE) UCITS ETF;-234,0
2021-03-31;LU0832436512;X_LYXOR MU (LU) - SG Global Quality Income NTR UCITS ETF;-41,0
2021-03-31;LU0392495023;X_COMSTA.-MSCI PACIFIC TRN U.ETF - INHABER-ANTEILE I O.N.;441,0
2021-03-31;IE00BJ0KDR00;ETF XTR.(IE) USA;694,0
2021-03-31;IE00B9CQXS71;X_SPDR S&P GLOB.DIV.ARISTOR.ETF;-289,0
2021-03-31;LU0292096186;X_DB.X-t.STOXX GL.SE.DIV.100 SE;-95,0
2021-03-31;FR0010378604;X_Lyxor UCITS ETF STOXX Europe Select Divide;-488,0
2021-03-31;IE00BQN1K901;ISHSIV-EDGE MSCI EU.VA.F.U.ETF;5619,0
2021-03-31;DE000ETFL045;X_Deka STOXX Europe Strong Value 20 UCITS ETF;-393,0
2021-03-31;DE000A0Q4R02;X_iShares STOXX Utilities Europe 600 (DE);-93,0
2021-03-31;LU0446734369;x_UBS ETF - MSCI EMU VALUE UCITS ETF;-76,0
2021-03-31;LU0322253906;ETF XTR.MSCI Europe Small CAP;654,0
2021-03-31;IE00B4WPHX27;L&G-L&G L.Dated all Comm U.ETF;1901,0
2021-04-30;LU0360863863;ARERO - DER WELTFONDS - INHABER-ANTEILE O.N.;903,0
2021-04-30;LU0480132876;UBS-ETF-UBS-ETF MSCI E.M.U ETF - INHABER-ANTEILE A O.N.;579,0
2021-04-30;IE00B4PY7Y77;X_iShares USD High Yield Corporate Bond UCITS ETF;-83,0
2021-04-30;DE000ETFL235;X_Deka DAXplus Maximum Dividend UCITS ETF;-85,0
2021-04-30;IE00B0M63060;X_iShares UK Dividend (DE) UCITS ETF;-234,0
2021-04-30;LU0832436512;X_LYXOR MU (LU) - SG Global Quality Income NTR UCITS ETF;-41,0
2021-04-30;LU0392495023;X_COMSTA.-MSCI PACIFIC TRN U.ETF - INHABER-ANTEILE I O.N.;441,0
2021-04-30;IE00BJ0KDR00;ETF XTR.(IE) USA;694,0
2021-04-30;IE00B9CQXS71;X_SPDR S&P GLOB.DIV.ARISTOR.ETF;-289,0
2021-04-30;LU0292096186;X_DB.X-t.STOXX GL.SE.DIV.100 SE;-95,0
2021-04-30;FR0010378604;X_Lyxor UCITS ETF STOXX Europe Select Divide;-488,0
2021-04-30;IE00BQN1K901;ISHSIV-EDGE MSCI EU.VA.F.U.ETF;5619,0
2021-04-30;DE000ETFL045;X_Deka STOXX Europe Strong Value 20 UCITS ETF;-393,0
2021-04-30;DE000A0Q4R02;X_iShares STOXX Utilities Europe 600 (DE);-93,0
2021-04-30;LU0446734369;x_UBS ETF - MSCI EMU VALUE UCITS ETF;-76,0
2021-04-30;LU0322253906;ETF XTR.MSCI Europe Small CAP;654,0
2021-04-30;IE00B4WPHX27;L&G-L&G L.Dated all Comm U.ETF;1901,0
2021-05-31;LU0360863863;ARERO - DER WELTFONDS - INHABER-ANTEILE O.N.;903,0
2021-05-31;LU0480132876;UBS-ETF-UBS-ETF MSCI E.M.U ETF - INHABER-ANTEILE A O.N.;579,0
2021-05-31;IE00B4PY7Y77;X_iShares USD High Yield Corporate Bond UCITS ETF;-83,0
2021-05-31;DE000ETFL235;X_Deka DAXplus Maximum Dividend UCITS ETF;-85,0
2021-05-31;IE00B0M63060;X_iShares UK Dividend (DE) UCITS ETF;-234,0
2021-05-31;LU0832436512;X_LYXOR MU (LU) - SG Global Quality Income NTR UCITS ETF;-41,0
2021-05-31;LU0392495023;X_COMSTA.-MSCI PACIFIC TRN U.ETF - INHABER-ANTEILE I O.N.;441,0
2021-05-31;IE00BJ0KDR00;ETF XTR.(IE) USA;694,0
2021-05-31;IE00B9CQXS71;X_SPDR S&P GLOB.DIV.ARISTOR.ETF;-289,0
2021-05-31;LU0292096186;X_DB.X-t.STOXX GL.SE.DIV.100 SE;-95,0
2021-05-31;FR0010378604;X_Lyxor UCITS ETF STOXX Europe Select Divide;-488,0
2021-05-31;IE00BQN1K901;ISHSIV-EDGE MSCI EU.VA.F.U.ETF;5619,0
2021-05-31;DE000ETFL045;X_Deka STOXX Europe Strong Value 20 UCITS ETF;-393,0
2021-05-31;DE000A0Q4R02;X_iShares STOXX Utilities Europe 600 (DE);-93,0
2021-05-31;LU0446734369;x_UBS ETF - MSCI EMU VALUE UCITS ETF;-76,0
2021-05-31;LU0322253906;ETF XTR.MSCI Europe Small CAP;654,0
2021-05-31;IE00B4WPHX27;L&G-L&G L.Dated all Comm U.ETF;1901,0
2021-06-30;LU0360863863;ARERO - DER WELTFONDS - INHABER-ANTEILE O.N.;903,0
2021-06-30;LU0480132876;UBS-ETF-UBS-ETF MSCI E.M.U ETF - INHABER-ANTEILE A O.N.;579,0
2021-06-30;IE00B4PY7Y77;X_iShares USD High Yield Corporate Bond UCITS ETF;-83,0
2021-06-30;DE000ETFL235;X_Deka DAXplus Maximum Dividend UCITS ETF;-85,0
2021-06-30;IE00B0M63060;X_iShares UK Dividend (DE) UCITS ETF;-234,0
2021-06-30;LU0832436512;X_LYXOR MU (LU) - SG Global Quality Income NTR UCITS ETF;-41,0
2021-06-30;LU0392495023;X_COMSTA.-MSCI PACIFIC TRN U.ETF - INHABER-ANTEILE I O.N.;441,0
2021-06-30;IE00BJ0KDR00;ETF XTR.(IE) USA;694,0
2021-06-30;IE00B9CQXS71;X_SPDR S&P GLOB.DIV.ARISTOR.ETF;-289,0
2021-06-30;LU0292096186;X_DB.X-t.STOXX GL.SE.DIV.100 SE;-95,0
2021-06-30;FR0010378604;X_Lyxor UCITS ETF STOXX Europe Select Divide;-488,0
2021-06-30;IE00BQN1K901;ISHSIV-EDGE MSCI EU.VA.F.U.ETF;5619,0
2021-06-30;DE000ETFL045;X_Deka STOXX Europe Strong Value 20 UCITS ETF;-393,0
2021-06-30;DE000A0Q4R02;X_iShares STOXX Utilities Europe 600 (DE);-93,0
2021-06-30;LU0446734369;x_UBS ETF - MSCI EMU VALUE UCITS ETF;-76,0
2021-06-30;LU0322253906;ETF XTR.MSCI Europe Small CAP;654,0
2021-06-30;IE00B4WPHX27;L&G-L&G L.Dated all Comm U.ETF;1901,0
2021-07-31;LU0360863863;ARERO - DER WELTFONDS - INHABER-ANTEILE O.N.;915,0
2021-07-31;LU0480132876;UBS-ETF-UBS-ETF MSCI E.M.U ETF - INHABER-ANTEILE A O.N.;703,0
2021-07-31;IE00B4PY7Y77;X_iShares USD High Yield Corporate Bond UCITS ETF;-83,0
2021-07-31;DE000ETFL235;X_Deka DAXplus Maximum Dividend UCITS ETF;-85,0
2021-07-31;IE00B0M63060;X_iShares UK Dividend (DE) UCITS ETF;-234,0
2021-07-31;LU0832436512;X_LYXOR MU (LU) - SG Global Quality Income NTR UCITS ETF;-41,0
2021-07-31;LU0392495023;X_COMSTA.-MSCI PACIFIC TRN U.ETF - INHABER-ANTEILE I O.N.;557,0
2021-07-31;IE00BJ0KDR00;ETF XTR.(IE) USA;787,0
2021-07-31;IE00B9CQXS71;X_SPDR S&P GLOB.DIV.ARISTOR.ETF;-289,0
2021-07-31;LU0292096186;X_DB.X-t.STOXX GL.SE.DIV.100 SE;-95,0
2021-07-31;FR0010378604;X_Lyxor UCITS ETF STOXX Europe Select Divide;-488,0
2021-07-31;IE00BQN1K901;ISHSIV-EDGE MSCI EU.VA.F.U.ETF;6679,0
2021-07-31;DE000ETFL045;X_Deka STOXX Europe Strong Value 20 UCITS ETF;-393,0
2021-07-31;DE000A0Q4R02;X_iShares STOXX Utilities Europe 600 (DE);-93,0
2021-07-31;LU0446734369;x_UBS ETF - MSCI EMU VALUE UCITS ETF;-76,0
2021-07-31;LU0322253906;ETF XTR.MSCI Europe Small CAP;754,0
2021-07-31;IE00B4WPHX27;L&G-L&G L.Dated all Comm U.ETF;2106,0
2021-08-31;LU0360863863;ARERO - DER WELTFONDS - INHABER-ANTEILE O.N.;999,0
2021-08-31;LU0480132876;UBS-ETF-UBS-ETF MSCI E.M.U ETF - INHABER-ANTEILE A O.N.;807,0
2021-08-31;IE00B4PY7Y77;X_iShares USD High Yield Corporate Bond UCITS ETF;-83,0
2021-08-31;DE000ETFL235;X_Deka DAXplus Maximum Dividend UCITS ETF;-85,0
2021-08-31;IE00B0M63060;X_iShares UK Dividend (DE) UCITS ETF;-234,0
2021-08-31;LU0832436512;X_LYXOR MU (LU) - SG Global Quality Income NTR UCITS ETF;-41,0
2021-08-31;LU0392495023;X_COMSTA.-MSCI PACIFIC TRN U.ETF - INHABER-ANTEILE I O.N.;609,0
2021-08-31;IE00BJ0KDR00;ETF XTR.(IE) USA;847,0
2021-08-31;IE00B9CQXS71;X_SPDR S&P GLOB.DIV.ARISTOR.ETF;-289,0
2021-08-31;LU0292096186;X_DB.X-t.STOXX GL.SE.DIV.100 SE;-95,0
2021-08-31;FR0010378604;X_Lyxor UCITS ETF STOXX Europe Select Divide;-488,0
2021-08-31;IE00BQN1K901;ISHSIV-EDGE MSCI EU.VA.F.U.ETF;7209,0
2021-08-31;DE000ETFL045;X_Deka STOXX Europe Strong Value 20 UCITS ETF;-393,0
2021-08-31;DE000A0Q4R02;X_iShares STOXX Utilities Europe 600 (DE);-93,0
2021-08-31;LU0446734369;x_UBS ETF - MSCI EMU VALUE UCITS ETF;-76,0
2021-08-31;LU0322253906;ETF XTR.MSCI Europe Small CAP;804,0
2021-08-31;IE00B4WPHX27;L&G-L&G L.Dated all Comm U.ETF;2242,0
2021-09-30;LU0360863863;ARERO - DER WELTFONDS - INHABER-ANTEILE O.N.;999,0
2021-09-30;LU0480132876;UBS-ETF-UBS-ETF MSCI E.M.U ETF - INHABER-ANTEILE A O.N.;807,0
2021-09-30;IE00B4PY7Y77;X_iShares USD High Yield Corporate Bond UCITS ETF;-83,0
2021-09-30;DE000ETFL235;X_Deka DAXplus Maximum Dividend UCITS ETF;-85,0
2021-09-30;IE00B0M63060;X_iShares UK Dividend (DE) UCITS ETF;-234,0
2021-09-30;LU0832436512;X_LYXOR MU (LU) - SG Global Quality Income NTR UCITS ETF;-41,0
2021-09-30;LU0392495023;X_COMSTA.-MSCI PACIFIC TRN U.ETF - INHABER-ANTEILE I O.N.;609,0
2021-09-30;IE00BJ0KDR00;ETF XTR.(IE) USA;847,0
2021-09-30;IE00B9CQXS71;X_SPDR S&P GLOB.DIV.ARISTOR.ETF;-289,0
2021-09-30;LU0292096186;X_DB.X-t.STOXX GL.SE.DIV.100 SE;-95,0
2021-09-30;FR0010378604;X_Lyxor UCITS ETF STOXX Europe Select Divide;-488,0
2021-09-30;IE00BQN1K901;ISHSIV-EDGE MSCI EU.VA.F.U.ETF;7209,0
2021-09-30;DE000ETFL045;X_Deka STOXX Europe Strong Value 20 UCITS ETF;-393,0
2021-09-30;DE000A0Q4R02;X_iShares STOXX Utilities Europe 600 (DE);-93,0
2021-09-30;LU0446734369;x_UBS ETF - MSCI EMU VALUE UCITS ETF;-76,0
2021-09-30;LU0322253906;ETF XTR.MSCI Europe Small CAP;804,0
2021-09-30;IE00B4WPHX27;L&G-L&G L.Dated all Comm U.ETF;2242,0
2021-10-31;LU0360863863;ARERO - DER WELTFONDS - INHABER-ANTEILE O.N.;1088,0
2021-10-31;LU0480132876;UBS-ETF-UBS-ETF MSCI E.M.U ETF - INHABER-ANTEILE A O.N.;878,0
2021-10-31;IE00B4PY7Y77;X_iShares USD High Yield Corporate Bond UCITS ETF;-83,0
2021-10-31;DE000ETFL235;X_Deka DAXplus Maximum Dividend UCITS ETF;-85,0
2021-10-31;IE00B0M63060;X_iShares UK Dividend (DE) UCITS ETF;-234,0
2021-10-31;LU0832436512;X_LYXOR MU (LU) - SG Global Quality Income NTR UCITS ETF;-41,0
2021-10-31;LU0392495023;X_COMSTA.-MSCI PACIFIC TRN U.ETF - INHABER-ANTEILE I O.N.;662,0
2021-10-31;IE00BJ0KDR00;ETF XTR.(IE) USA;917,0
2021-10-31;IE00B9CQXS71;X_SPDR S&P GLOB.DIV.ARISTOR.ETF;-289,0
2021-10-31;LU0292096186;X_DB.X-t.STOXX GL.SE.DIV.100 SE;-95,0
2021-10-31;FR0010378604;X_Lyxor UCITS ETF STOXX Europe Select Divide;-488,0
2021-10-31;IE00BQN1K901;ISHSIV-EDGE MSCI EU.VA.F.U.ETF;7812,0
2021-10-31;DE000ETFL045;X_Deka STOXX Europe Strong Value 20 UCITS ETF;-393,0
2021-10-31;DE000A0Q4R02;X_iShares STOXX Utilities Europe 600 (DE);-93,0
2021-10-31;LU0446734369;x_UBS ETF - MSCI EMU VALUE UCITS ETF;-76,0
2021-10-31;LU0322253906;ETF XTR.MSCI Europe Small CAP;891,0
2021-10-31;IE00B4WPHX27;L&G-L&G L.Dated all Comm U.ETF;2242,0
2021-11-30;LU0360863863;ARERO - DER WELTFONDS - INHABER-ANTEILE O.N.;1088,0
2021-11-30;LU0480132876;UBS-ETF-UBS-ETF MSCI E.M.U ETF - INHABER-ANTEILE A O.N.;878,0
2021-11-30;IE00B4PY7Y77;X_iShares USD High Yield Corporate Bond UCITS ETF;-83,0
2021-11-30;DE000ETFL235;X_Deka DAXplus Maximum Dividend UCITS ETF;-85,0
2021-11-30;IE00B0M63060;X_iShares UK Dividend (DE) UCITS ETF;-234,0
2021-11-30;LU0832436512;X_LYXOR MU (LU) - SG Global Quality Income NTR UCITS ETF;-41,0
2021-11-30;LU0392495023;X_COMSTA.-MSCI PACIFIC TRN U.ETF - INHABER-ANTEILE I O.N.;662,0
2021-11-30;IE00BJ0KDR00;ETF XTR.(IE) USA;917,0
2021-11-30;IE00B9CQXS71;X_SPDR S&P GLOB.DIV.ARISTOR.ETF;-289,0
2021-11-30;LU0292096186;X_DB.X-t.STOXX GL.SE.DIV.100 SE;-95,0
2021-11-30;FR0010378604;X_Lyxor UCITS ETF STOXX Europe Select Divide;-488,0
2021-11-30;IE00BQN1K901;ISHSIV-EDGE MSCI EU.VA.F.U.ETF;7812,0
2021-11-30;DE000ETFL045;X_Deka STOXX Europe Strong Value 20 UCITS ETF;-393,0
2021-11-30;DE000A0Q4R02;X_iShares STOXX Utilities Europe 600 (DE);-93,0
2021-11-30;LU0446734369;x_UBS ETF - MSCI EMU VALUE UCITS ETF;-76,0
2021-11-30;LU0322253906;ETF XTR.MSCI Europe Small CAP;891,0
2021-11-30;IE00B4WPHX27;L&G-L&G L.Dated all Comm U.ETF;2242,0
2021-12-31;LU0360863863;ARERO - DER WELTFONDS - INHABER-ANTEILE O.N.;1088,0
2021-12-31;LU0480132876;UBS-ETF-UBS-ETF MSCI E.M.U ETF - INHABER-ANTEILE A O.N.;878,0
2021-12-31;IE00B4PY7Y77;X_iShares USD High Yield Corporate Bond UCITS ETF;-83,0
2021-12-31;DE000ETFL235;X_Deka DAXplus Maximum Dividend UCITS ETF;-85,0
2021-12-31;IE00B0M63060;X_iShares UK Dividend (DE) UCITS ETF;-234,0
2021-12-31;LU0832436512;X_LYXOR MU (LU) - SG Global Quality Income NTR UCITS ETF;-41,0
2021-12-31;LU0392495023;X_COMSTA.-MSCI PACIFIC TRN U.ETF - INHABER-ANTEILE I O.N.;662,0
2021-12-31;IE00BJ0KDR00;ETF XTR.(IE) USA;917,0
2021-12-31;IE00B9CQXS71;X_SPDR S&P GLOB.DIV.ARISTOR.ETF;-289,0
2021-12-31;LU0292096186;X_DB.X-t.STOXX GL.SE.DIV.100 SE;-95,0
2021-12-31;FR0010378604;X_Lyxor UCITS ETF STOXX Europe Select Divide;-488,0
2021-12-31;IE00BQN1K901;ISHSIV-EDGE MSCI EU.VA.F.U.ETF;7812,0
2021-12-31;DE000ETFL045;X_Deka STOXX Europe Strong Value 20 UCITS ETF;-393,0
2021-12-31;DE000A0Q4R02;X_iShares STOXX Utilities Europe 600 (DE);-93,0
2021-12-31;LU0446734369;x_UBS ETF - MSCI EMU VALUE UCITS ETF;-76,0
2021-12-31;LU0322253906;ETF XTR.MSCI Europe Small CAP;891,0
2021-12-31;IE00B4WPHX27;L&G-L&G L.Dated all Comm U.ETF;2242,0
2022-01-31;LU0360863863;ARERO - DER WELTFONDS - INHABER-ANTEILE O.N.;1088,0
2022-01-31;LU0480132876;UBS-ETF-UBS-ETF MSCI E.M.U ETF - INHABER-ANTEILE A O.N.;878,0
2022-01-31;IE00B4PY7Y77;X_iShares USD High Yield Corporate Bond UCITS ETF;-83,0
2022-01-31;DE000ETFL235;X_Deka DAXplus Maximum Dividend UCITS ETF;-85,0
2022-01-31;IE00B0M63060;X_iShares UK Dividend (DE) UCITS ETF;-234,0
2022-01-31;LU0832436512;X_LYXOR MU (LU) - SG Global Quality Income NTR UCITS ETF;-41,0
2022-01-31;LU0392495023;X_COMSTA.-MSCI PACIFIC TRN U.ETF - INHABER-ANTEILE I O.N.;662,0
2022-01-31;IE00BJ0KDR00;ETF XTR.(IE) USA;917,0
2022-01-31;IE00B9CQXS71;X_SPDR S&P GLOB.DIV.ARISTOR.ETF;-289,0
2022-01-31;LU0292096186;X_DB.X-t.STOXX GL.SE.DIV.100 SE;-95,0
2022-01-31;FR0010378604;X_Lyxor UCITS ETF STOXX Europe Select Divide;-488,0
2022-01-31;IE00BQN1K901;ISHSIV-EDGE MSCI EU.VA.F.U.ETF;7812,0
2022-01-31;DE000ETFL045;X_Deka STOXX Europe Strong Value 20 UCITS ETF;-393,0
2022-01-31;DE000A0Q4R02;X_iShares STOXX Utilities Europe 600 (DE);-93,0
2022-01-31;LU0446734369;x_UBS ETF - MSCI EMU VALUE UCITS ETF;-76,0
2022-01-31;LU0322253906;ETF XTR.MSCI Europe Small CAP;891,0
2022-01-31;IE00B4WPHX27;L&G-L&G L.Dated all Comm U.ETF;2242,0
2022-02-28;LU0360863863;ARERO - DER WELTFONDS - INHABER-ANTEILE O.N.;1088,0
2022-02-28;LU0480132876;UBS-ETF-UBS-ETF MSCI E.M.U ETF - INHABER-ANTEILE A O.N.;878,0
2022-02-28;IE00B4PY7Y77;X_iShares USD High Yield Corporate Bond UCITS ETF;-83,0
2022-02-28;DE000ETFL235;X_Deka DAXplus Maximum Dividend UCITS ETF;-85,0
2022-02-28;IE00B0M63060;X_iShares UK Dividend (DE) UCITS ETF;-234,0
2022-02-28;LU0832436512;X_LYXOR MU (LU) - SG Global Quality Income NTR UCITS ETF;-41,0
2022-02-28;LU0392495023;X_COMSTA.-MSCI PACIFIC TRN U.ETF - INHABER-ANTEILE I O.N.;662,0
2022-02-28;IE00BJ0KDR00;ETF XTR.(IE) USA;917,0
2022-02-28;IE00B9CQXS71;X_SPDR S&P GLOB.DIV.ARISTOR.ETF;-289,0
2022-02-28;LU0292096186;X_DB.X-t.STOXX GL.SE.DIV.100 SE;-95,0
2022-02-28;FR0010378604;X_Lyxor UCITS ETF STOXX Europe Select Divide;-488,0
2022-02-28;IE00BQN1K901;ISHSIV-EDGE MSCI EU.VA.F.U.ETF;7812,0
2022-02-28;DE000ETFL045;X_Deka STOXX Europe Strong Value 20 UCITS ETF;-393,0
2022-02-28;DE000A0Q4R02;X_iShares STOXX Utilities Europe 600 (DE);-93,0
2022-02-28;LU0446734369;x_UBS ETF - MSCI EMU VALUE UCITS ETF;-76,0
2022-02-28;LU0322253906;ETF XTR.MSCI Europe Small CAP;891,0
2022-02-28;IE00B4WPHX27;L&G-L&G L.Dated all Comm U.ETF;2242,0
2022-03-31;LU0360863863;ARERO - DER WELTFONDS - INHABER-ANTEILE O.N.;1088,0
2022-03-31;LU0480132876;UBS-ETF-UBS-ETF MSCI E.M.U ETF - INHABER-ANTEILE A O.N.;878,0
2022-03-31;IE00B4PY7Y77;X_iShares USD High Yield Corporate Bond UCITS ETF;-83,0
2022-03-31;DE000ETFL235;X_Deka DAXplus Maximum Dividend UCITS ETF;-85,0
2022-03-31;IE00B0M63060;X_iShares UK Dividend (DE) UCITS ETF;-234,0
2022-03-31;LU0832436512;X_LYXOR MU (LU) - SG Global Quality Income NTR UCITS ETF;-41,0
2022-03-31;LU0392495023;X_COMSTA.-MSCI PACIFIC TRN U.ETF - INHABER-ANTEILE I O.N.;662,0
2022-03-31;IE00BJ0KDR00;ETF XTR.(IE) USA;917,0
2022-03-31;IE00B9CQXS71;X_SPDR S&P GLOB.DIV.ARISTOR.ETF;-289,0
2022-03-31;LU0292096186;X_DB.X-t.STOXX GL.SE.DIV.100 SE;-95,0
2022-03-31;FR0010378604;X_Lyxor UCITS ETF STOXX Europe Select Divide;-488,0
2022-03-31;IE00BQN1K901;ISHSIV-EDGE MSCI EU.VA.F.U.ETF;7812,0
2022-03-31;DE000ETFL045;X_Deka STOXX Europe Strong Value 20 UCITS ETF;-393,0
2022-03-31;DE000A0Q4R02;X_iShares STOXX Utilities Europe 600 (DE);-93,0
2022-03-31;LU0446734369;x_UBS ETF - MSCI EMU VALUE UCITS ETF;-76,0
2022-03-31;LU0322253906;ETF XTR.MSCI Europe Small CAP;891,0
2022-03-31;IE00B4WPHX27;L&G-L&G L.Dated all Comm U.ETF;2242,0
2022-04-30;LU0360863863;ARERO - DER WELTFONDS - INHABER-ANTEILE O.N.;1145,0
2022-04-30;LU0480132876;UBS-ETF-UBS-ETF MSCI E.M.U ETF - INHABER-ANTEILE A O.N.;1003,0
2022-04-30;IE00B4PY7Y77;X_iShares USD High Yield Corporate Bond UCITS ETF;-83,0
2022-04-30;DE000ETFL235;X_Deka DAXplus Maximum Dividend UCITS ETF;-85,0
2022-04-30;IE00B0M63060;X_iShares UK Dividend (DE) UCITS ETF;-234,0
2022-04-30;LU0832436512;X_LYXOR MU (LU) - SG Global Quality Income NTR UCITS ETF;-41,0
2022-04-30;LU0392495023;X_COMSTA.-MSCI PACIFIC TRN U.ETF - INHABER-ANTEILE I O.N.;721,0
2022-04-30;IE00BJ0KDR00;ETF XTR.(IE) USA;929,0
2022-04-30;IE00B9CQXS71;X_SPDR S&P GLOB.DIV.ARISTOR.ETF;-289,0
2022-04-30;LU0292096186;X_DB.X-t.STOXX GL.SE.DIV.100 SE;-95,0
2022-04-30;FR0010378604;X_Lyxor UCITS ETF STOXX Europe Select Divide;-488,0
2022-04-30;IE00BQN1K901;ISHSIV-EDGE MSCI EU.VA.F.U.ETF;8272,0
2022-04-30;DE000ETFL045;X_Deka STOXX Europe Strong Value 20 UCITS ETF;-393,0
2022-04-30;DE000A0Q4R02;X_iShares STOXX Utilities Europe 600 (DE);-93,0
2022-04-30;LU0446734369;x_UBS ETF - MSCI EMU VALUE UCITS ETF;-76,0
2022-04-30;LU0322253906;ETF XTR.MSCI Europe Small CAP;1043,0
2022-04-30;IE00B4WPHX27;L&G-L&G L.Dated all Comm U.ETF;2242,0
2022-05-31;LU0360863863;ARERO - DER WELTFONDS - INHABER-ANTEILE O.N.;1145,0
2022-05-31;LU0480132876;UBS-ETF-UBS-ETF MSCI E.M.U ETF - INHABER-ANTEILE A O.N.;1003,0
2022-05-31;IE00B4PY7Y77;X_iShares USD High Yield Corporate Bond UCITS ETF;-83,0
2022-05-31;DE000ETFL235;X_Deka DAXplus Maximum Dividend UCITS ETF;-85,0
2022-05-31;IE00B0M63060;X_iShares UK Dividend (DE) UCITS ETF;-234,0
2022-05-31;LU0832436512;X_LYXOR MU (LU) - SG Global Quality Income NTR UCITS ETF;-41,0
2022-05-31;LU0392495023;X_COMSTA.-MSCI PACIFIC TRN U.ETF - INHABER-ANTEILE I O.N.;721,0
2022-05-31;IE00BJ0KDR00;ETF XTR.(IE) USA;929,0
2022-05-31;IE00B9CQXS71;X_SPDR S&P GLOB.DIV.ARISTOR.ETF;-289,0
2022-05-31;LU0292096186;X_DB.X-t.STOXX GL.SE.DIV.100 SE;-95,0
2022-05-31;FR0010378604;X_Lyxor UCITS ETF STOXX Europe Select Divide;-488,0
2022-05-31;IE00BQN1K901;ISHSIV-EDGE MSCI EU.VA.F.U.ETF;8272,0
2022-05-31;DE000ETFL045;X_Deka STOXX Europe Strong Value 20 UCITS ETF;-393,0
2022-05-31;DE000A0Q4R02;X_iShares STOXX Utilities Europe 600 (DE);-93,0
2022-05-31;LU0446734369;x_UBS ETF - MSCI EMU VALUE UCITS ETF;-76,0
2022-05-31;LU0322253906;ETF XTR.MSCI Europe Small CAP;1043,0
2022-05-31;IE00B4WPHX27;L&G-L&G L.Dated all Comm U.ETF;2242,0
2022-06-30;LU0360863863;ARERO - DER WELTFONDS - INHABER-ANTEILE O.N.;1145,0
2022-06-30;LU0480132876;UBS-ETF-UBS-ETF MSCI E.M.U ETF - INHABER-ANTEILE A O.N.;1003,0
2022-06-30;IE00B4PY7Y77;X_iShares USD High Yield Corporate Bond UCITS ETF;-83,0
2022-06-30;DE000ETFL235;X_Deka DAXplus Maximum Dividend UCITS ETF;-85,0
2022-06-30;IE00B0M63060;X_iShares UK Dividend (DE) UCITS ETF;-234,0
2022-06-30;LU0832436512;X_LYXOR MU (LU) - SG Global Quality Income NTR UCITS ETF;-41,0
2022-06-30;LU0392495023;X_COMSTA.-MSCI PACIFIC TRN U.ETF - INHABER-ANTEILE I O.N.;721,0
2022-06-30;IE00BJ0KDR00;ETF XTR.(IE) USA;929,0
2022-06-30;IE00B9CQXS71;X_SPDR S&P GLOB.DIV.ARISTOR.ETF;-289,0
2022-06-30;LU0292096186;X_DB.X-t.STOXX GL.SE.DIV.100 SE;-95,0
2022-06-30;FR0010378604;X_Lyxor UCITS ETF STOXX Europe Select Divide;-488,0
2022-06-30;IE00BQN1K901;ISHSIV-EDGE MSCI EU.VA.F.U.ETF;8272,0
2022-06-30;DE000ETFL045;X_Deka STOXX Europe Strong Value 20 UCITS ETF;-393,0
2022-06-30;DE000A0Q4R02;X_iShares STOXX Utilities Europe 600 (DE);-93,0
2022-06-30;LU0446734369;x_UBS ETF - MSCI EMU VALUE UCITS ETF;-76,0
2022-06-30;LU0322253906;ETF XTR.MSCI Europe Small CAP;1043,0
2022-06-30;IE00B4WPHX27;L&G-L&G L.Dated all Comm U.ETF;2242,0
2022-07-31;LU0360863863;ARERO - DER WELTFONDS - INHABER-ANTEILE O.N.;1145,0
2022-07-31;LU0480132876;UBS-ETF-UBS-ETF MSCI E.M.U ETF - INHABER-ANTEILE A O.N.;1003,0
2022-07-31;IE00B4PY7Y77;X_iShares USD High Yield Corporate Bond UCITS ETF;-83,0
2022-07-31;DE000ETFL235;X_Deka DAXplus Maximum Dividend UCITS ETF;-85,0
2022-07-31;IE00B0M63060;X_iShares UK Dividend (DE) UCITS ETF;-234,0
2022-07-31;LU0832436512;X_LYXOR MU (LU) - SG Global Quality Income NTR UCITS ETF;-41,0
2022-07-31;LU0392495023;X_COMSTA.-MSCI PACIFIC TRN U.ETF - INHABER-ANTEILE I O.N.;721,0
2022-07-31;IE00BJ0KDR00;ETF XTR.(IE) USA;929,0
2022-07-31;IE00B9CQXS71;X_SPDR S&P GLOB.DIV.ARISTOR.ETF;-289,0
2022-07-31;LU0292096186;X_DB.X-t.STOXX GL.SE.DIV.100 SE;-95,0
2022-07-31;FR0010378604;X_Lyxor UCITS ETF STOXX Europe Select Divide;-488,0
2022-07-31;IE00BQN1K901;ISHSIV-EDGE MSCI EU.VA.F.U.ETF;8272,0
2022-07-31;DE000ETFL045;X_Deka STOXX Europe Strong Value 20 UCITS ETF;-393,0
2022-07-31;DE000A0Q4R02;X_iShares STOXX Utilities Europe 600 (DE);-93,0
2022-07-31;LU0446734369;x_UBS ETF - MSCI EMU VALUE UCITS ETF;-76,0
2022-07-31;LU0322253906;ETF XTR.MSCI Europe Small CAP;1043,0
2022-07-31;IE00B4WPHX27;L&G-L&G L.Dated all Comm U.ETF;2242,0
2022-07-31;KYG393871085;GLOBALFOUNDRIES INC.;128,896
2022-08-31;LU0360863863;ARERO - DER WELTFONDS - INHABER-ANTEILE O.N.;1145,0
2022-08-31;LU0480132876;UBS-ETF-UBS-ETF MSCI E.M.U ETF - INHABER-ANTEILE A O.N.;1003,0
2022-08-31;IE00B4PY7Y77;X_iShares USD High Yield Corporate Bond UCITS ETF;-83,0
2022-08-31;DE000ETFL235;X_Deka DAXplus Maximum Dividend UCITS ETF;-85,0
2022-08-31;IE00B0M63060;X_iShares UK Dividend (DE) UCITS ETF;-234,0
2022-08-31;LU0832436512;X_LYXOR MU (LU) - SG Global Quality Income NTR UCITS ETF;-41,0
2022-08-31;LU0392495023;X_COMSTA.-MSCI PACIFIC TRN U.ETF - INHABER-ANTEILE I O.N.;721,0
2022-08-31;IE00BJ0KDR00;ETF XTR.(IE) USA;929,0
2022-08-31;IE00B9CQXS71;X_SPDR S&P GLOB.DIV.ARISTOR.ETF;-289,0
2022-08-31;LU0292096186;X_DB.X-t.STOXX GL.SE.DIV.100 SE;-95,0
2022-08-31;FR0010378604;X_Lyxor UCITS ETF STOXX Europe Select Divide;-488,0
2022-08-31;IE00BQN1K901;ISHSIV-EDGE MSCI EU.VA.F.U.ETF;8272,0
2022-08-31;DE000ETFL045;X_Deka STOXX Europe Strong Value 20 UCITS ETF;-393,0
2022-08-31;DE000A0Q4R02;X_iShares STOXX Utilities Europe 600 (DE);-93,0
2022-08-31;LU0446734369;x_UBS ETF - MSCI EMU VALUE UCITS ETF;-76,0
2022-08-31;LU0322253906;ETF XTR.MSCI Europe Small CAP;1043,0
2022-08-31;IE00B4WPHX27;L&G-L&G L.Dated all Comm U.ETF;2242,0
2022-08-31;KYG393871085;GLOBALFOUNDRIES INC.;128,896
2022-09-30;LU0360863863;ARERO - DER WELTFONDS - INHABER-ANTEILE O.N.;1211,0
2022-09-30;LU0480132876;UBS-ETF-UBS-ETF MSCI E.M.U ETF - INHABER-ANTEILE A O.N.;1111,0
2022-09-30;IE00B4PY7Y77;X_iShares USD High Yield Corporate Bond UCITS ETF;-83,0
2022-09-30;DE000ETFL235;X_Deka DAXplus Maximum Dividend UCITS ETF;-85,0
2022-09-30;IE00B0M63060;X_iShares UK Dividend (DE) UCITS ETF;-234,0
2022-09-30;LU0832436512;X_LYXOR MU (LU) - SG Global Quality Income NTR UCITS ETF;-41,0
2022-09-30;LU0392495023;X_COMSTA.-MSCI PACIFIC TRN U.ETF - INHABER-ANTEILE I O.N.;797,0
2022-09-30;IE00BJ0KDR00;ETF XTR.(IE) USA;985,0
2022-09-30;IE00B9CQXS71;X_SPDR S&P GLOB.DIV.ARISTOR.ETF;-289,0
2022-09-30;LU0292096186;X_DB.X-t.STOXX GL.SE.DIV.100 SE;-95,0
2022-09-30;FR0010378604;X_Lyxor UCITS ETF STOXX Europe Select Divide;-488,0
2022-09-30;IE00BQN1K901;ISHSIV-EDGE MSCI EU.VA.F.U.ETF;8866,0
2022-09-30;DE000ETFL045;X_Deka STOXX Europe Strong Value 20 UCITS ETF;-393,0
2022-09-30;DE000A0Q4R02;X_iShares STOXX Utilities Europe 600 (DE);-93,0
2022-09-30;LU0446734369;x_UBS ETF - MSCI EMU VALUE UCITS ETF;-76,0
2022-09-30;LU0322253906;ETF XTR.MSCI Europe Small CAP;1238,0
2022-09-30;IE00B4WPHX27;L&G-L&G L.Dated all Comm U.ETF;2242,0
2022-09-30;KYG393871085;GLOBALFOUNDRIES INC.;128,896
2022-10-31;LU0360863863;ARERO - DER WELTFONDS - INHABER-ANTEILE O.N.;1211,0
2022-10-31;LU0480132876;UBS-ETF-UBS-ETF MSCI E.M.U ETF - INHABER-ANTEILE A O.N.;1111,0
2022-10-31;IE00B4PY7Y77;X_iShares USD High Yield Corporate Bond UCITS ETF;-83,0
2022-10-31;DE000ETFL235;X_Deka DAXplus Maximum Dividend UCITS ETF;-85,0
2022-10-31;IE00B0M63060;X_iShares UK Dividend (DE) UCITS ETF;-234,0
2022-10-31;LU0832436512;X_LYXOR MU (LU) - SG Global Quality Income NTR UCITS ETF;-41,0
2022-10-31;LU0392495023;X_COMSTA.-MSCI PACIFIC TRN U.ETF - INHABER-ANTEILE I O.N.;797,0
2022-10-31;IE00BJ0KDR00;ETF XTR.(IE) USA;985,0
2022-10-31;IE00B9CQXS71;X_SPDR S&P GLOB.DIV.ARISTOR.ETF;-289,0
2022-10-31;LU0292096186;X_DB.X-t.STOXX GL.SE.DIV.100 SE;-95,0
2022-10-31;FR0010378604;X_Lyxor UCITS ETF STOXX Europe Select Divide;-488,0
2022-10-31;IE00BQN1K901;ISHSIV-EDGE MSCI EU.VA.F.U.ETF;8866,0
2022-10-31;DE000ETFL045;X_Deka STOXX Europe Strong Value 20 UCITS ETF;-393,0
2022-10-31;DE000A0Q4R02;X_iShares STOXX Utilities Europe 600 (DE);-93,0
2022-10-31;LU0446734369;x_UBS ETF - MSCI EMU VALUE UCITS ETF;-76,0
2022-10-31;LU0322253906;ETF XTR.MSCI Europe Small CAP;1238,0
2022-10-31;IE00B4WPHX27;L&G-L&G L.Dated all Comm U.ETF;2242,0
2022-10-31;KYG393871085;GLOBALFOUNDRIES INC.;128,896
2022-11-30;LU0360863863;ARERO - DER WELTFONDS - INHABER-ANTEILE O.N.;1211,0
2022-11-30;LU0480132876;UBS-ETF-UBS-ETF MSCI E.M.U ETF - INHABER-ANTEILE A O.N.;1111,0
2022-11-30;IE00B4PY7Y77;X_iShares USD High Yield Corporate Bond UCITS ETF;-83,0
2022-11-30;DE000ETFL235;X_Deka DAXplus Maximum Dividend UCITS ETF;-85,0
2022-11-30;IE00B0M63060;X_iShares UK Dividend (DE) UCITS ETF;-234,0
2022-11-30;LU0832436512;X_LYXOR MU (LU) - SG Global Quality Income NTR UCITS ETF;-41,0
2022-11-30;LU0392495023;X_COMSTA.-MSCI PACIFIC TRN U.ETF - INHABER-ANTEILE I O.N.;797,0
2022-11-30;IE00BJ0KDR00;ETF XTR.(IE) USA;985,0
2022-11-30;IE00B9CQXS71;X_SPDR S&P GLOB.DIV.ARISTOR.ETF;-289,0
2022-11-30;LU0292096186;X_DB.X-t.STOXX GL.SE.DIV.100 SE;-95,0
2022-11-30;FR0010378604;X_Lyxor UCITS ETF STOXX Europe Select Divide;-488,0
2022-11-30;IE00BQN1K901;ISHSIV-EDGE MSCI EU.VA.F.U.ETF;8866,0
2022-11-30;DE000ETFL045;X_Deka STOXX Europe Strong Value 20 UCITS ETF;-393,0
2022-11-30;DE000A0Q4R02;X_iShares STOXX Utilities Europe 600 (DE);-93,0
2022-11-30;LU0446734369;x_UBS ETF - MSCI EMU VALUE UCITS ETF;-76,0
2022-11-30;LU0322253906;ETF XTR.MSCI Europe Small CAP;1238,0
2022-11-30;IE00B4WPHX27;L&G-L&G L.Dated all Comm U.ETF;2242,0
2022-11-30;KYG393871085;GLOBALFOUNDRIES INC.;128,896
2022-12-31;LU0360863863;ARERO - DER WELTFONDS - INHABER-ANTEILE O.N.;1211,0
2022-12-31;LU0480132876;UBS-ETF-UBS-ETF MSCI E.M.U ETF - INHABER-ANTEILE A O.N.;1111,0
2022-12-31;IE00B4PY7Y77;X_iShares USD High Yield Corporate Bond UCITS ETF;-83,0
2022-12-31;DE000ETFL235;X_Deka DAXplus Maximum Dividend UCITS ETF;-85,0
2022-12-31;IE00B0M63060;X_iShares UK Dividend (DE) UCITS ETF;-234,0
2022-12-31;LU0832436512;X_LYXOR MU (LU) - SG Global Quality Income NTR UCITS ETF;-41,0
2022-12-31;LU0392495023;X_COMSTA.-MSCI PACIFIC TRN U.ETF - INHABER-ANTEILE I O.N.;797,0
2022-12-31;IE00BJ0KDR00;ETF XTR.(IE) USA;985,0
2022-12-31;IE00B9CQXS71;X_SPDR S&P GLOB.DIV.ARISTOR.ETF;-289,0
2022-12-31;LU0292096186;X_DB.X-t.STOXX GL.SE.DIV.100 SE;-95,0
2022-12-31;FR0010378604;X_Lyxor UCITS ETF STOXX Europe Select Divide;-488,0
2022-12-31;IE00BQN1K901;ISHSIV-EDGE MSCI EU.VA.F.U.ETF;8866,0
2022-12-31;DE000ETFL045;X_Deka STOXX Europe Strong Value 20 UCITS ETF;-393,0
2022-12-31;DE000A0Q4R02;X_iShares STOXX Utilities Europe 600 (DE);-93,0
2022-12-31;LU0446734369;x_UBS ETF - MSCI EMU VALUE UCITS ETF;-76,0
2022-12-31;LU0322253906;ETF XTR.MSCI Europe Small CAP;1238,0
2022-12-31;IE00B4WPHX27;L&G-L&G L.Dated all Comm U.ETF;2242,0
2022-12-31;KYG393871085;GLOBALFOUNDRIES INC.;128,896
2023-01-31;LU0360863863;ARERO - DER WELTFONDS - INHABER-ANTEILE O.N.;1211,0
2023-01-31;LU0480132876;UBS-ETF-UBS-ETF MSCI E.M.U ETF - INHABER-ANTEILE A O.N.;1111,0
2023-01-31;IE00B4PY7Y77;X_iShares USD High Yield Corporate Bond UCITS ETF;-83,0
2023-01-31;DE000ETFL235;X_Deka DAXplus Maximum Dividend UCITS ETF;-85,0
2023-01-31;IE00B0M63060;X_iShares UK Dividend (DE) UCITS ETF;-234,0
2023-01-31;LU0832436512;X_LYXOR MU (LU) - SG Global Quality Income NTR UCITS ETF;-41,0
2023-01-31;IE00BJ0KDR00;ETF XTR.(IE) USA;985,0
2023-01-31;IE00B9CQXS71;X_SPDR S&P GLOB.DIV.ARISTOR.ETF;-289,0
2023-01-31;LU0292096186;X_DB.X-t.STOXX GL.SE.DIV.100 SE;-95,0
2023-01-31;FR0010378604;X_Lyxor UCITS ETF STOXX Europe Select Divide;-488,0
2023-01-31;IE00BQN1K901;ISHSIV-EDGE MSCI EU.VA.F.U.ETF;8866,0
2023-01-31;DE000ETFL045;X_Deka STOXX Europe Strong Value 20 UCITS ETF;-393,0
2023-01-31;DE000A0Q4R02;X_iShares STOXX Utilities Europe 600 (DE);-93,0
2023-01-31;LU0446734369;x_UBS ETF - MSCI EMU VALUE UCITS ETF;-76,0
2023-01-31;LU0322253906;ETF XTR.MSCI Europe Small CAP;1238,0
2023-01-31;IE00B4WPHX27;L&G-L&G L.Dated all Comm U.ETF;2242,0
2023-01-31;KYG393871085;GLOBALFOUNDRIES INC.;208,677
2023-01-31;LU2572257397;AIS-MSCIPECNZAC U.ETFDLD;797,0
2023-02-28;LU0360863863;ARERO - DER WELTFONDS - INHABER-ANTEILE O.N.;1211,0
2023-02-28;LU0480132876;UBS-ETF-UBS-ETF MSCI E.M.U ETF - INHABER-ANTEILE A O.N.;1111,0
2023-02-28;IE00B4PY7Y77;X_iShares USD High Yield Corporate Bond UCITS ETF;-83,0
2023-02-28;DE000ETFL235;X_Deka DAXplus Maximum Dividend UCITS ETF;-85,0
2023-02-28;IE00B0M63060;X_iShares UK Dividend (DE) UCITS ETF;-234,0
2023-02-28;LU0832436512;X_LYXOR MU (LU) - SG Global Quality Income NTR UCITS ETF;-41,0
2023-02-28;IE00BJ0KDR00;ETF XTR.(IE) USA;985,0
2023-02-28;IE00B9CQXS71;X_SPDR S&P GLOB.DIV.ARISTOR.ETF;-289,0
2023-02-28;LU0292096186;X_DB.X-t.STOXX GL.SE.DIV.100 SE;-95,0
2023-02-28;FR0010378604;X_Lyxor UCITS ETF STOXX Europe Select Divide;-488,0
2023-02-28;IE00BQN1K901;ISHSIV-EDGE MSCI EU.VA.F.U.ETF;8866,0
2023-02-28;DE000ETFL045;X_Deka STOXX Europe Strong Value 20 UCITS ETF;-393,0
2023-02-28;DE000A0Q4R02;X_iShares STOXX Utilities Europe 600 (DE);-93,0
2023-02-28;LU0446734369;x_UBS ETF - MSCI EMU VALUE UCITS ETF;-76,0
2023-02-28;LU0322253906;ETF XTR.MSCI Europe Small CAP;1238,0
2023-02-28;IE00B4WPHX27;L&G-L&G L.Dated all Comm U.ETF;2242,0
2023-02-28;KYG393871085;GLOBALFOUNDRIES INC.;245,677
2023-02-28;LU2572257397;AIS-MSCIPECNZAC U.ETFDLD;797,0
2023-03-31;LU0360863863;ARERO - DER WELTFONDS - INHABER-ANTEILE O.N.;1211,0
2023-03-31;LU0480132876;UBS-ETF-UBS-ETF MSCI E.M.U ETF - INHABER-ANTEILE A O.N.;1111,0
2023-03-31;IE00B4PY7Y77;X_iShares USD High Yield Corporate Bond UCITS ETF;-83,0
2023-03-31;DE000ETFL235;X_Deka DAXplus Maximum Dividend UCITS ETF;-85,0
2023-03-31;IE00B0M63060;X_iShares UK Dividend (DE) UCITS ETF;-234,0
2023-03-31;LU0832436512;X_LYXOR MU (LU) - SG Global Quality Income NTR UCITS ETF;-41,0
2023-03-31;IE00BJ0KDR00;ETF XTR.(IE) USA;985,0
2023-03-31;IE00B9CQXS71;X_SPDR S&P GLOB.DIV.ARISTOR.ETF;-289,0
2023-03-31;LU0292096186;X_DB.X-t.STOXX GL.SE.DIV.100 SE;-95,0
2023-03-31;FR0010378604;X_Lyxor UCITS ETF STOXX Europe Select Divide;-488,0
2023-03-31;IE00BQN1K901;ISHSIV-EDGE MSCI EU.VA.F.U.ETF;8866,0
2023-03-31;DE000ETFL045;X_Deka STOXX Europe Strong Value 20 UCITS ETF;-393,0
2023-03-31;DE000A0Q4R02;X_iShares STOXX Utilities Europe 600 (DE);-93,0
2023-03-31;LU0446734369;x_UBS ETF - MSCI EMU VALUE UCITS ETF;-76,0
2023-03-31;LU0322253906;ETF XTR.MSCI Europe Small CAP;1238,0
2023-03-31;IE00B4WPHX27;L&G-L&G L.Dated all Comm U.ETF;2242,0
2023-03-31;KYG393871085;GLOBALFOUNDRIES INC.;245,677
2023-03-31;LU2572257397;AIS-MSCIPECNZAC U.ETFDLD;797,0
2023-04-30;LU0360863863;ARERO - DER WELTFONDS - INHABER-ANTEILE O.N.;1318,0
2023-04-30;LU0480132876;UBS-ETF-UBS-ETF MSCI E.M.U ETF - INHABER-ANTEILE A O.N.;1268,0
2023-04-30;IE00B4PY7Y77;X_iShares USD High Yield Corporate Bond UCITS ETF;-83,0
2023-04-30;DE000ETFL235;X_Deka DAXplus Maximum Dividend UCITS ETF;-85,0
2023-04-30;IE00B0M63060;X_iShares UK Dividend (DE) UCITS ETF;-234,0
2023-04-30;LU0832436512;X_LYXOR MU (LU) - SG Global Quality Income NTR UCITS ETF;-41,0
2023-04-30;IE00BJ0KDR00;ETF XTR.(IE) USA;1091,125
2023-04-30;IE00B9CQXS71;X_SPDR S&P GLOB.DIV.ARISTOR.ETF;-289,0
2023-04-30;LU0292096186;X_DB.X-t.STOXX GL.SE.DIV.100 SE;-95,0
2023-04-30;FR0010378604;X_Lyxor UCITS ETF STOXX Europe Select Divide;-488,0
2023-04-30;IE00BQN1K901;ISHSIV-EDGE MSCI EU.VA.F.U.ETF;8866,0
2023-04-30;DE000ETFL045;X_Deka STOXX Europe Strong Value 20 UCITS ETF;-393,0
2023-04-30;DE000A0Q4R02;X_iShares STOXX Utilities Europe 600 (DE);-93,0
2023-04-30;LU0446734369;x_UBS ETF - MSCI EMU VALUE UCITS ETF;-76,0
2023-04-30;LU0322253906;ETF XTR.MSCI Europe Small CAP;1238,0
2023-04-30;IE00B4WPHX27;L&G-L&G L.Dated all Comm U.ETF;2242,0
2023-04-30;KYG393871085;GLOBALFOUNDRIES INC.;245,677
2023-04-30;LU2572257397;AIS-MSCIPECNZAC U.ETFDLD;797,0
2023-05-31;LU0360863863;ARERO - DER WELTFONDS - INHABER-ANTEILE O.N.;1318,0
2023-05-31;LU0480132876;UBS-ETF-UBS-ETF MSCI E.M.U ETF - INHABER-ANTEILE A O.N.;1268,0
2023-05-31;IE00B4PY7Y77;X_iShares USD High Yield Corporate Bond UCITS ETF;-83,0
2023-05-31;DE000ETFL235;X_Deka DAXplus Maximum Dividend UCITS ETF;-85,0
2023-05-31;IE00B0M63060;X_iShares UK Dividend (DE) UCITS ETF;-234,0
2023-05-31;LU0832436512;X_LYXOR MU (LU) - SG Global Quality Income NTR UCITS ETF;-41,0
2023-05-31;IE00BJ0KDR00;ETF XTR.(IE) USA;1091,125
2023-05-31;IE00B9CQXS71;X_SPDR S&P GLOB.DIV.ARISTOR.ETF;-289,0
2023-05-31;LU0292096186;X_DB.X-t.STOXX GL.SE.DIV.100 SE;-95,0
2023-05-31;FR0010378604;X_Lyxor UCITS ETF STOXX Europe Select Divide;-488,0
2023-05-31;IE00BQN1K901;ISHSIV-EDGE MSCI EU.VA.F.U.ETF;8866,0
2023-05-31;DE000ETFL045;X_Deka STOXX Europe Strong Value 20 UCITS ETF;-393,0
2023-05-31;DE000A0Q4R02;X_iShares STOXX Utilities Europe 600 (DE);-93,0
2023-05-31;LU0446734369;x_UBS ETF - MSCI EMU VALUE UCITS ETF;-76,0
2023-05-31;LU0322253906;ETF XTR.MSCI Europe Small CAP;1238,0
2023-05-31;IE00B4WPHX27;L&G-L&G L.Dated all Comm U.ETF;2242,0
2023-05-31;KYG393871085;GLOBALFOUNDRIES INC.;245,677
2023-05-31;LU2572257397;AIS-MSCIPECNZAC U.ETFDLD;797,0
2023-06-30;LU0360863863;ARERO - DER WELTFONDS - INHABER-ANTEILE O.N.;1318,0
2023-06-30;LU0480132876;UBS-ETF-UBS-ETF MSCI E.M.U ETF - INHABER-ANTEILE A O.N.;1268,0
2023-06-30;IE00B4PY7Y77;X_iShares USD High Yield Corporate Bond UCITS ETF;-83,0
2023-06-30;DE000ETFL235;X_Deka DAXplus Maximum Dividend UCITS ETF;-85,0
2023-06-30;IE00B0M63060;X_iShares UK Dividend (DE) UCITS ETF;-234,0
2023-06-30;LU0832436512;X_LYXOR MU (LU) - SG Global Quality Income NTR UCITS ETF;-41,0
2023-06-30;IE00BJ0KDR00;ETF XTR.(IE) USA;1091,125
2023-06-30;IE00B9CQXS71;X_SPDR S&P GLOB.DIV.ARISTOR.ETF;-289,0
2023-06-30;LU0292096186;X_DB.X-t.STOXX GL.SE.DIV.100 SE;-95,0
2023-06-30;FR0010378604;X_Lyxor UCITS ETF STOXX Europe Select Divide;-488,0
2023-06-30;IE00BQN1K901;ISHSIV-EDGE MSCI EU.VA.F.U.ETF;8866,0
2023-06-30;DE000ETFL045;X_Deka STOXX Europe Strong Value 20 UCITS ETF;-393,0
2023-06-30;DE000A0Q4R02;X_iShares STOXX Utilities Europe 600 (DE);-93,0
2023-06-30;LU0446734369;x_UBS ETF - MSCI EMU VALUE UCITS ETF;-76,0
2023-06-30;LU0322253906;ETF XTR.MSCI Europe Small CAP;1238,0
2023-06-30;IE00B4WPHX27;L&G-L&G L.Dated all Comm U.ETF;2242,0
2023-06-30;KYG393871085;GLOBALFOUNDRIES INC.;245,677
2023-06-30;LU2572257397;AIS-MSCIPECNZAC U.ETFDLD;797,0
2023-07-31;LU0360863863;ARERO - DER WELTFONDS - INHABER-ANTEILE O.N.;1318,0
2023-07-31;LU0480132876;UBS-ETF-UBS-ETF MSCI E.M.U ETF - INHABER-ANTEILE A O.N.;1268,0
2023-07-31;IE00B4PY7Y77;X_iShares USD High Yield Corporate Bond UCITS ETF;-83,0
2023-07-31;DE000ETFL235;X_Deka DAXplus Maximum Dividend UCITS ETF;-85,0
2023-07-31;IE00B0M63060;X_iShares UK Dividend (DE) UCITS ETF;-234,0
2023-07-31;LU0832436512;X_LYXOR MU (LU) - SG Global Quality Income NTR UCITS ETF;-41,0
2023-07-31;IE00BJ0KDR00;ETF XTR.(IE) USA;1091,125
2023-07-31;IE00B9CQXS71;X_SPDR S&P GLOB.DIV.ARISTOR.ETF;-289,0
2023-07-31;LU0292096186;X_DB.X-t.STOXX GL.SE.DIV.100 SE;-95,0
2023-07-31;FR0010378604;X_Lyxor UCITS ETF STOXX Europe Select Divide;-488,0
2023-07-31;IE00BQN1K901;ISHSIV-EDGE MSCI EU.VA.F.U.ETF;8866,0
2023-07-31;DE000ETFL045;X_Deka STOXX Europe Strong Value 20 UCITS ETF;-393,0
2023-07-31;DE000A0Q4R02;X_iShares STOXX Utilities Europe 600 (DE);-93,0
2023-07-31;LU0446734369;x_UBS ETF - MSCI EMU VALUE UCITS ETF;-76,0
2023-07-31;LU0322253906;ETF XTR.MSCI Europe Small CAP;1238,0
2023-07-31;IE00B4WPHX27;L&G-L&G L.Dated all Comm U.ETF;2242,0
2023-07-31;KYG393871085;GLOBALFOUNDRIES INC.;318,201
2023-07-31;LU2572257397;AIS-MSCIPECNZAC U.ETFDLD;797,0
2023-08-31;LU0360863863;ARERO - DER WELTFONDS - INHABER-ANTEILE O.N.;1318,0
2023-08-31;LU0480132876;UBS-ETF-UBS-ETF MSCI E.M.U ETF - INHABER-ANTEILE A O.N.;1268,0
2023-08-31;IE00B4PY7Y77;X_iShares USD High Yield Corporate Bond UCITS ETF;-83,0
2023-08-31;DE000ETFL235;X_Deka DAXplus Maximum Dividend UCITS ETF;-85,0
2023-08-31;IE00B0M63060;X_iShares UK Dividend (DE) UCITS ETF;-234,0
2023-08-31;LU0832436512;X_LYXOR MU (LU) - SG Global Quality Income NTR UCITS ETF;-41,0
2023-08-31;IE00BJ0KDR00;ETF XTR.(IE) USA;1091,125
2023-08-31;IE00B9CQXS71;X_SPDR S&P GLOB.DIV.ARISTOR.ETF;-289,0
2023-08-31;LU0292096186;X_DB.X-t.STOXX GL.SE.DIV.100 SE;-95,0
2023-08-31;FR0010378604;X_Lyxor UCITS ETF STOXX Europe Select Divide;-488,0
2023-08-31;IE00BQN1K901;ISHSIV-EDGE MSCI EU.VA.F.U.ETF;8866,0
2023-08-31;DE000ETFL045;X_Deka STOXX Europe Strong Value 20 UCITS ETF;-393,0
2023-08-31;DE000A0Q4R02;X_iShares STOXX Utilities Europe 600 (DE);-93,0
2023-08-31;LU0446734369;x_UBS ETF - MSCI EMU VALUE UCITS ETF;-76,0
2023-08-31;LU0322253906;ETF XTR.MSCI Europe Small CAP;1238,0
2023-08-31;IE00B4WPHX27;L&G-L&G L.Dated all Comm U.ETF;2242,0
2023-08-31;KYG393871085;GLOBALFOUNDRIES INC.;318,201
2023-08-31;LU2572257397;AIS-MSCIPECNZAC U.ETFDLD;797,0
2023-09-30;LU0360863863;ARERO - DER WELTFONDS - INHABER-ANTEILE O.N.;1318,0
2023-09-30;LU0480132876;UBS-ETF-UBS-ETF MSCI E.M.U ETF - INHABER-ANTEILE A O.N.;1268,0
2023-09-30;IE00B4PY7Y77;X_iShares USD High Yield Corporate Bond UCITS ETF;-83,0
2023-09-30;DE000ETFL235;X_Deka DAXplus Maximum Dividend UCITS ETF;-85,0
2023-09-30;IE00B0M63060;X_iShares UK Dividend (DE) UCITS ETF;-234,0
2023-09-30;LU0832436512;X_LYXOR MU (LU) - SG Global Quality Income NTR UCITS ETF;-41,0
2023-09-30;IE00BJ0KDR00;ETF XTR.(IE) USA;1091,125
2023-09-30;IE00B9CQXS71;X_SPDR S&P GLOB.DIV.ARISTOR.ETF;-289,0
2023-09-30;LU0292096186;X_DB.X-t.STOXX GL.SE.DIV.100 SE;-95,0
2023-09-30;FR0010378604;X_Lyxor UCITS ETF STOXX Europe Select Divide;-488,0
2023-09-30;IE00BQN1K901;ISHSIV-EDGE MSCI EU.VA.F.U.ETF;8866,0
2023-09-30;DE000ETFL045;X_Deka STOXX Europe Strong Value 20 UCITS ETF;-393,0
2023-09-30;DE000A0Q4R02;X_iShares STOXX Utilities Europe 600 (DE);-93,0
2023-09-30;LU0446734369;x_UBS ETF - MSCI EMU VALUE UCITS ETF;-76,0
2023-09-30;LU0322253906;ETF XTR.MSCI Europe Small CAP;1238,0
2023-09-30;IE00B4WPHX27;L&G-L&G L.Dated all Comm U.ETF;2242,0
2023-09-30;KYG393871085;GLOBALFOUNDRIES INC.;318,201
2023-09-30;LU2572257397;AIS-MSCIPECNZAC U.ETFDLD;797,0
2023-10-31;LU0360863863;ARERO - DER WELTFONDS - INHABER-ANTEILE O.N.;1318,0
2023-10-31;LU0480132876;UBS-ETF-UBS-ETF MSCI E.M.U ETF - INHABER-ANTEILE A O.N.;1268,0
2023-10-31;IE00B4PY7Y77;X_iShares USD High Yield Corporate Bond UCITS ETF;-83,0
2023-10-31;DE000ETFL235;X_Deka DAXplus Maximum Dividend UCITS ETF;-85,0
2023-10-31;IE00B0M63060;X_iShares UK Dividend (DE) UCITS ETF;-234,0
2023-10-31;LU0832436512;X_LYXOR MU (LU) - SG Global Quality Income NTR UCITS ETF;-41,0
2023-10-31;IE00BJ0KDR00;ETF XTR.(IE) USA;1091,125
2023-10-31;IE00B9CQXS71;X_SPDR S&P GLOB.DIV.ARISTOR.ETF;-289,0
2023-10-31;LU0292096186;X_DB.X-t.STOXX GL.SE.DIV.100 SE;-95,0
2023-10-31;FR0010378604;X_Lyxor UCITS ETF STOXX Europe Select Divide;-488,0
2023-10-31;IE00BQN1K901;ISHSIV-EDGE MSCI EU.VA.F.U.ETF;8866,0
2023-10-31;DE000ETFL045;X_Deka STOXX Europe Strong Value 20 UCITS ETF;-393,0
2023-10-31;DE000A0Q4R02;X_iShares STOXX Utilities Europe 600 (DE);-93,0
2023-10-31;LU0446734369;x_UBS ETF - MSCI EMU VALUE UCITS ETF;-76,0
2023-10-31;LU0322253906;ETF XTR.MSCI Europe Small CAP;1238,0
2023-10-31;IE00B4WPHX27;L&G-L&G L.Dated all Comm U.ETF;2242,0
2023-10-31;KYG393871085;GLOBALFOUNDRIES INC.;318,201
2023-10-31;LU2572257397;AIS-MSCIPECNZAC U.ETFDLD;797,0
2023-11-30;LU0360863863;ARERO - DER WELTFONDS - INHABER-ANTEILE O.N.;1318,0
2023-11-30;LU0480132876;UBS-ETF-UBS-ETF MSCI E.M.U ETF - INHABER-ANTEILE A O.N.;1268,0
2023-11-30;IE00B4PY7Y77;X_iShares USD High Yield Corporate Bond UCITS ETF;-83,0
2023-11-30;DE000ETFL235;X_Deka DAXplus Maximum Dividend UCITS ETF;-85,0
2023-11-30;IE00B0M63060;X_iShares UK Dividend (DE) UCITS ETF;-234,0
2023-11-30;LU0832436512;X_LYXOR MU (LU) - SG Global Quality Income NTR UCITS ETF;-41,0
2023-11-30;IE00BJ0KDR00;ETF XTR.(IE) USA;1091,125
2023-11-30;IE00B9CQXS71;X_SPDR S&P GLOB.DIV.ARISTOR.ETF;-289,0
2023-11-30;LU0292096186;X_DB.X-t.STOXX GL.SE.DIV.100 SE;-95,0
2023-11-30;FR0010378604;X_Lyxor UCITS ETF STOXX Europe Select Divide;-488,0
2023-11-30;IE00BQN1K901;ISHSIV-EDGE MSCI EU.VA.F.U.ETF;8866,0
2023-11-30;DE000ETFL045;X_Deka STOXX Europe Strong Value 20 UCITS ETF;-393,0
2023-11-30;DE000A0Q4R02;X_iShares STOXX Utilities Europe 600 (DE);-93,0
2023-11-30;LU0446734369;x_UBS ETF - MSCI EMU VALUE UCITS ETF;-76,0
2023-11-30;LU0322253906;ETF XTR.MSCI Europe Small CAP;1238,0
2023-11-30;IE00B4WPHX27;L&G-L&G L.Dated all Comm U.ETF;2242,0
2023-11-30;KYG393871085;GLOBALFOUNDRIES INC.;318,201
2023-11-30;LU2572257397;AIS-MSCIPECNZAC U.ETFDLD;797,0
2023-12-31;LU0360863863;ARERO - DER WELTFONDS - INHABER-ANTEILE O.N.;1318,0
2023-12-31;LU0480132876;UBS-ETF-UBS-ETF MSCI E.M.U ETF - INHABER-ANTEILE A O.N.;1268,0
2023-12-31;IE00B4PY7Y77;X_iShares USD High Yield Corporate Bond UCITS ETF;-83,0
2023-12-31;DE000ETFL235;X_Deka DAXplus Maximum Dividend UCITS ETF;-85,0
2023-12-31;IE00B0M63060;X_iShares UK Dividend (DE) UCITS ETF;-234,0
2023-12-31;LU0832436512;X_LYXOR MU (LU) - SG Global Quality Income NTR UCITS ETF;-41,0
2023-12-31;IE00BJ0KDR00;ETF XTR.(IE) USA;1091,125
2023-12-31;IE00B9CQXS71;X_SPDR S&P GLOB.DIV.ARISTOR.ETF;-289,0
2023-12-31;LU0292096186;X_DB.X-t.STOXX GL.SE.DIV.100 SE;-95,0
2023-12-31;FR0010378604;X_Lyxor UCITS ETF STOXX Europe Select Divide;-488,0
2023-12-31;IE00BQN1K901;ISHSIV-EDGE MSCI EU.VA.F.U.ETF;8866,0
2023-12-31;DE000ETFL045;X_Deka STOXX Europe Strong Value 20 UCITS ETF;-393,0
2023-12-31;DE000A0Q4R02;X_iShares STOXX Utilities Europe 600 (DE);-93,0
2023-12-31;LU0446734369;x_UBS ETF - MSCI EMU VALUE UCITS ETF;-76,0
2023-12-31;LU0322253906;ETF XTR.MSCI Europe Small CAP;1238,0
2023-12-31;IE00B4WPHX27;L&G-L&G L.Dated all Comm U.ETF;2242,0
2023-12-31;KYG393871085;GLOBALFOUNDRIES INC.;318,201
2023-12-31;LU2572257397;AIS-MSCIPECNZAC U.ETFDLD;797,0
2024-01-31;LU0360863863;ARERO - DER WELTFONDS - INHABER-ANTEILE O.N.;1318,0
2024-01-31;LU0480132876;UBS-ETF-UBS-ETF MSCI E.M.U ETF - INHABER-ANTEILE A O.N.;1268,0
2024-01-31;IE00B4PY7Y77;X_iShares USD High Yield Corporate Bond UCITS ETF;-83,0
2024-01-31;DE000ETFL235;X_Deka DAXplus Maximum Dividend UCITS ETF;-85,0
2024-01-31;IE00B0M63060;X_iShares UK Dividend (DE) UCITS ETF;-234,0
2024-01-31;LU0832436512;X_LYXOR MU (LU) - SG Global Quality Income NTR UCITS ETF;-41,0
2024-01-31;IE00BJ0KDR00;ETF XTR.(IE) USA;1091,125
2024-01-31;IE00B9CQXS71;X_SPDR S&P GLOB.DIV.ARISTOR.ETF;-289,0
2024-01-31;LU0292096186;X_DB.X-t.STOXX GL.SE.DIV.100 SE;-95,0
2024-01-31;FR0010378604;X_Lyxor UCITS ETF STOXX Europe Select Divide;-488,0
2024-01-31;IE00BQN1K901;ISHSIV-EDGE MSCI EU.VA.F.U.ETF;8866,0
2024-01-31;DE000ETFL045;X_Deka STOXX Europe Strong Value 20 UCITS ETF;-393,0
2024-01-31;DE000A0Q4R02;X_iShares STOXX Utilities Europe 600 (DE);-93,0
2024-01-31;LU0446734369;x_UBS ETF - MSCI EMU VALUE UCITS ETF;-76,0
2024-01-31;LU0322253906;ETF XTR.MSCI Europe Small CAP;1238,0
2024-01-31;IE00B4WPHX27;L&G-L&G L.Dated all Comm U.ETF;2242,0
2024-01-31;KYG393871085;GLOBALFOUNDRIES INC.;318,201
2024-01-31;LU2572257397;AIS-MSCIPECNZAC U.ETFDLD;797,0
2024-02-29;LU0360863863;ARERO - DER WELTFONDS - INHABER-ANTEILE O.N.;1318,0
2024-02-29;LU0480132876;UBS-ETF-UBS-ETF MSCI E.M.U ETF - INHABER-ANTEILE A O.N.;1268,0
2024-02-29;IE00B4PY7Y77;X_iShares USD High Yield Corporate Bond UCITS ETF;-83,0
2024-02-29;DE000ETFL235;X_Deka DAXplus Maximum Dividend UCITS ETF;-85,0
2024-02-29;IE00B0M63060;X_iShares UK Dividend (DE) UCITS ETF;-234,0
2024-02-29;LU0832436512;X_LYXOR MU (LU) - SG Global Quality Income NTR UCITS ETF;-41,0
2024-02-29;IE00BJ0KDR00;ETF XTR.(IE) USA;1091,125
2024-02-29;IE00B9CQXS71;X_SPDR S&P GLOB.DIV.ARISTOR.ETF;-289,0
2024-02-29;LU0292096186;X_DB.X-t.STOXX GL.SE.DIV.100 SE;-95,0
2024-02-29;FR0010378604;X_Lyxor UCITS ETF STOXX Europe Select Divide;-488,0
2024-02-29;IE00BQN1K901;ISHSIV-EDGE MSCI EU.VA.F.U.ETF;8866,0
2024-02-29;DE000ETFL045;X_Deka STOXX Europe Strong Value 20 UCITS ETF;-393,0
2024-02-29;DE000A0Q4R02;X_iShares STOXX Utilities Europe 600 (DE);-93,0
2024-02-29;LU0446734369;x_UBS ETF - MSCI EMU VALUE UCITS ETF;-76,0
2024-02-29;LU0322253906;ETF XTR.MSCI Europe Small CAP;1238,0
2024-02-29;IE00B4WPHX27;L&G-L&G L.Dated all Comm U.ETF;2242,0
2024-02-29;KYG393871085;GLOBALFOUNDRIES INC.;318,201
2024-02-29;LU2572257397;AIS-MSCIPECNZAC U.ETFDLD;797,0
2024-03-31;LU0360863863;ARERO - DER WELTFONDS - INHABER-ANTEILE O.N.;1390,0
2024-03-31;LU0480132876;UBS-ETF-UBS-ETF MSCI E.M.U ETF - INHABER-ANTEILE A O.N.;1340,0
2024-03-31;IE00B4PY7Y77;X_iShares USD High Yield Corporate Bond UCITS ETF;-83,0
2024-03-31;DE000ETFL235;X_Deka DAXplus Maximum Dividend UCITS ETF;-85,0
2024-03-31;IE00B0M63060;X_iShares UK Dividend (DE) UCITS ETF;-234,0
2024-03-31;LU0832436512;X_LYXOR MU (LU) - SG Global Quality Income NTR UCITS ETF;-41,0
2024-03-31;IE00BJ0KDR00;ETF XTR.(IE) USA;1091,125
2024-03-31;IE00B9CQXS71;X_SPDR S&P GLOB.DIV.ARISTOR.ETF;-289,0
2024-03-31;LU0292096186;X_DB.X-t.STOXX GL.SE.DIV.100 SE;-95,0
2024-03-31;FR0010378604;X_Lyxor UCITS ETF STOXX Europe Select Divide;-488,0
2024-03-31;IE00BQN1K901;ISHSIV-EDGE MSCI EU.VA.F.U.ETF;8971,0
2024-03-31;DE000ETFL045;X_Deka STOXX Europe Strong Value 20 UCITS ETF;-393,0
2024-03-31;DE000A0Q4R02;X_iShares STOXX Utilities Europe 600 (DE);-93,0
2024-03-31;LU0446734369;x_UBS ETF - MSCI EMU VALUE UCITS ETF;-76,0
2024-03-31;LU0322253906;ETF XTR.MSCI Europe Small CAP;1307,0
2024-03-31;IE00B4WPHX27;L&G-L&G L.Dated all Comm U.ETF;2542,0
2024-03-31;KYG393871085;GLOBALFOUNDRIES INC.;318,201
2024-03-31;LU2572257397;AIS-MSCIPECNZAC U.ETFDLD;857,0
2024-04-30;LU0360863863;ARERO - DER WELTFONDS - INHABER-ANTEILE O.N.;1390,0
2024-04-30;LU0480132876;UBS-ETF-UBS-ETF MSCI E.M.U ETF - INHABER-ANTEILE A O.N.;1340,0
2024-04-30;IE00B4PY7Y77;X_iShares USD High Yield Corporate Bond UCITS ETF;-83,0
2024-04-30;DE000ETFL235;X_Deka DAXplus Maximum Dividend UCITS ETF;-85,0
2024-04-30;IE00B0M63060;X_iShares UK Dividend (DE) UCITS ETF;-234,0
2024-04-30;LU0832436512;X_LYXOR MU (LU) - SG Global Quality Income NTR UCITS ETF;-41,0
2024-04-30;IE00BJ0KDR00;ETF XTR.(IE) USA;1091,125
2024-04-30;IE00B9CQXS71;X_SPDR S&P GLOB.DIV.ARISTOR.ETF;-289,0
2024-04-30;LU0292096186;X_DB.X-t.STOXX GL.SE.DIV.100 SE;-95,0
2024-04-30;FR0010378604;X_Lyxor UCITS ETF STOXX Europe Select Divide;-488,0
2024-04-30;IE00BQN1K901;ISHSIV-EDGE MSCI EU.VA.F.U.ETF;8971,0
2024-04-30;DE000ETFL045;X_Deka STOXX Europe Strong Value 20 UCITS ETF;-393,0
2024-04-30;DE000A0Q4R02;X_iShares STOXX Utilities Europe 600 (DE);-93,0
2024-04-30;LU0446734369;x_UBS ETF - MSCI EMU VALUE UCITS ETF;-76,0
2024-04-30;LU0322253906;ETF XTR.MSCI Europe Small CAP;1307,0
2024-04-30;IE00B4WPHX27;L&G-L&G L.Dated all Comm U.ETF;2542,0
2024-04-30;KYG393871085;GLOBALFOUNDRIES INC.;318,201
2024-04-30;LU2572257397;AIS-MSCIPECNZAC U.ETFDLD;857,0
2024-05-31;LU0360863863;ARERO - DER WELTFONDS - INHABER-ANTEILE O.N.;1390,0
2024-05-31;LU0480132876;UBS-ETF-UBS-ETF MSCI E.M.U ETF - INHABER-ANTEILE A O.N.;1340,0
2024-05-31;IE00B4PY7Y77;X_iShares USD High Yield Corporate Bond UCITS ETF;-83,0
2024-05-31;DE000ETFL235;X_Deka DAXplus Maximum Dividend UCITS ETF;-85,0
2024-05-31;IE00B0M63060;X_iShares UK Dividend (DE) UCITS ETF;-234,0
2024-05-31;LU0832436512;X_LYXOR MU (LU) - SG Global Quality Income NTR UCITS ETF;-41,0
2024-05-31;IE00BJ0KDR00;ETF XTR.(IE) USA;1091,125
2024-05-31;IE00B9CQXS71;X_SPDR S&P GLOB.DIV.ARISTOR.ETF;-289,0
2024-05-31;LU0292096186;X_DB.X-t.STOXX GL.SE.DIV.100 SE;-95,0
2024-05-31;FR0010378604;X_Lyxor UCITS ETF STOXX Europe Select Divide;-488,0
2024-05-31;IE00BQN1K901;ISHSIV-EDGE MSCI EU.VA.F.U.ETF;8971,0
2024-05-31;DE000ETFL045;X_Deka STOXX Europe Strong Value 20 UCITS ETF;-393,0
2024-05-31;DE000A0Q4R02;X_iShares STOXX Utilities Europe 600 (DE);-93,0
2024-05-31;LU0446734369;x_UBS ETF - MSCI EMU VALUE UCITS ETF;-76,0
2024-05-31;LU0322253906;ETF XTR.MSCI Europe Small CAP;1307,0
2024-05-31;IE00B4WPHX27;L&G-L&G L.Dated all Comm U.ETF;2542,0
2024-05-31;KYG393871085;GLOBALFOUNDRIES INC.;318,201
2024-05-31;LU2572257397;AIS-MSCIPECNZAC U.ETFDLD;857,0
2024-06-30;LU0360863863;ARERO - DER WELTFONDS - INHABER-ANTEILE O.N.;1390,0
2024-06-30;LU0480132876;UBS-ETF-UBS-ETF MSCI E.M.U ETF - INHABER-ANTEILE A O.N.;1340,0
2024-06-30;IE00B4PY7Y77;X_iShares USD High Yield Corporate Bond UCITS ETF;-83,0
2024-06-30;DE000ETFL235;X_Deka DAXplus Maximum Dividend UCITS ETF;-85,0
2024-06-30;IE00B0M63060;X_iShares UK Dividend (DE) UCITS ETF;-234,0
2024-06-30;LU0832436512;X_LYXOR MU (LU) - SG Global Quality Income NTR UCITS ETF;-41,0
2024-06-30;IE00BJ0KDR00;ETF XTR.(IE) USA;1091,125
2024-06-30;IE00B9CQXS71;X_SPDR S&P GLOB.DIV.ARISTOR.ETF;-289,0
2024-06-30;LU0292096186;X_DB.X-t.STOXX GL.SE.DIV.100 SE;-95,0
2024-06-30;FR0010378604;X_Lyxor UCITS ETF STOXX Europe Select Divide;-488,0
2024-06-30;IE00BQN1K901;ISHSIV-EDGE MSCI EU.VA.F.U.ETF;8971,0
2024-06-30;DE000ETFL045;X_Deka STOXX Europe Strong Value 20 UCITS ETF;-393,0
2024-06-30;DE000A0Q4R02;X_iShares STOXX Utilities Europe 600 (DE);-93,0
2024-06-30;LU0446734369;x_UBS ETF - MSCI EMU VALUE UCITS ETF;-76,0
2024-06-30;LU0322253906;ETF XTR.MSCI Europe Small CAP;1307,0
2024-06-30;IE00B4WPHX27;L&G-L&G L.Dated all Comm U.ETF;2542,0
2024-06-30;KYG393871085;GLOBALFOUNDRIES INC.;318,201
2024-06-30;LU2572257397;AIS-MSCIPECNZAC U.ETFDLD;857,0
2024-07-31;LU0360863863;ARERO - DER WELTFONDS - INHABER-ANTEILE O.N.;1482,0
2024-07-31;LU0480132876;UBS-ETF-UBS-ETF MSCI E.M.U ETF - INHABER-ANTEILE A O.N.;1434,0
2024-07-31;IE00B4PY7Y77;X_iShares USD High Yield Corporate Bond UCITS ETF;-83,0
2024-07-31;DE000ETFL235;X_Deka DAXplus Maximum Dividend UCITS ETF;-85,0
2024-07-31;IE00B0M63060;X_iShares UK Dividend (DE) UCITS ETF;-234,0
2024-07-31;LU0832436512;X_LYXOR MU (LU) - SG Global Quality Income NTR UCITS ETF;-41,0
2024-07-31;IE00BJ0KDR00;ETF XTR.(IE) USA;1091,125
2024-07-31;IE00B9CQXS71;X_SPDR S&P GLOB.DIV.ARISTOR.ETF;-289,0
2024-07-31;LU0292096186;X_DB.X-t.STOXX GL.SE.DIV.100 SE;-95,0
2024-07-31;FR0010378604;X_Lyxor UCITS ETF STOXX Europe Select Divide;-488,0
2024-07-31;IE00BQN1K901;ISHSIV-EDGE MSCI EU.VA.F.U.ETF;9239,0
2024-07-31;DE000ETFL045;X_Deka STOXX Europe Strong Value 20 UCITS ETF;-393,0
2024-07-31;DE000A0Q4R02;X_iShares STOXX Utilities Europe 600 (DE);-93,0
2024-07-31;LU0446734369;x_UBS ETF - MSCI EMU VALUE UCITS ETF;-76,0
2024-07-31;LU0322253906;ETF XTR.MSCI Europe Small CAP;1347,0
2024-07-31;IE00B4WPHX27;L&G-L&G L.Dated all Comm U.ETF;2804,0
2024-07-31;KYG393871085;GLOBALFOUNDRIES INC.;318,201
2024-07-31;LU2572257397;AIS-MSCIPECNZAC U.ETFDLD;944,0
2024-08-31;LU0360863863;ARERO - DER WELTFONDS - INHABER-ANTEILE O.N.;1482,0
2024-08-31;LU0480132876;UBS-ETF-UBS-ETF MSCI E.M.U ETF - INHABER-ANTEILE A O.N.;1434,0
2024-08-31;IE00B4PY7Y77;X_iShares USD High Yield Corporate Bond UCITS ETF;-83,0
2024-08-31;DE000ETFL235;X_Deka DAXplus Maximum Dividend UCITS ETF;-85,0
2024-08-31;IE00B0M63060;X_iShares UK Dividend (DE) UCITS ETF;-234,0
2024-08-31;LU0832436512;X_LYXOR MU (LU) - SG Global Quality Income NTR UCITS ETF;-41,0
2024-08-31;IE00BJ0KDR00;ETF XTR.(IE) USA;1091,125
2024-08-31;IE00B9CQXS71;X_SPDR S&P GLOB.DIV.ARISTOR.ETF;-289,0
2024-08-31;LU0292096186;X_DB.X-t.STOXX GL.SE.DIV.100 SE;-95,0
2024-08-31;FR0010378604;X_Lyxor UCITS ETF STOXX Europe Select Divide;-488,0
2024-08-31;IE00BQN1K901;ISHSIV-EDGE MSCI EU.VA.F.U.ETF;9239,0
2024-08-31;DE000ETFL045;X_Deka STOXX Europe Strong Value 20 UCITS ETF;-393,0
2024-08-31;DE000A0Q4R02;X_iShares STOXX Utilities Europe 600 (DE);-93,0
2024-08-31;LU0446734369;x_UBS ETF - MSCI EMU VALUE UCITS ETF;-76,0
2024-08-31;LU0322253906;ETF XTR.MSCI Europe Small CAP;1347,0
2024-08-31;IE00B4WPHX27;L&G-L&G L.Dated all Comm U.ETF;2804,0
2024-08-31;KYG393871085;GLOBALFOUNDRIES INC.;318,201
2024-08-31;LU2572257397;AIS-MSCIPECNZAC U.ETFDLD;944,0
2024-09-30;LU0360863863;ARERO - DER WELTFONDS - INHABER-ANTEILE O.N.;1482,0
2024-09-30;LU0480132876;UBS-ETF-UBS-ETF MSCI E.M.U ETF - INHABER-ANTEILE A O.N.;1434,0
2024-09-30;IE00B4PY7Y77;X_iShares USD High Yield Corporate Bond UCITS ETF;-83,0
2024-09-30;DE000ETFL235;X_Deka DAXplus Maximum Dividend UCITS ETF;-85,0
2024-09-30;IE00B0M63060;X_iShares UK Dividend (DE) UCITS ETF;-234,0
2024-09-30;LU0832436512;X_LYXOR MU (LU) - SG Global Quality Income NTR UCITS ETF;-41,0
2024-09-30;IE00BJ0KDR00;ETF XTR.(IE) USA;1091,125
2024-09-30;IE00B9CQXS71;X_SPDR S&P GLOB.DIV.ARISTOR.ETF;-289,0
2024-09-30;LU0292096186;X_DB.X-t.STOXX GL.SE.DIV.100 SE;-95,0
2024-09-30;FR0010378604;X_Lyxor UCITS ETF STOXX Europe Select Divide;-488,0
2024-09-30;IE00BQN1K901;ISHSIV-EDGE MSCI EU.VA.F.U.ETF;9239,0
2024-09-30;DE000ETFL045;X_Deka STOXX Europe Strong Value 20 UCITS ETF;-393,0
2024-09-30;DE000A0Q4R02;X_iShares STOXX Utilities Europe 600 (DE);-93,0
2024-09-30;LU0446734369;x_UBS ETF - MSCI EMU VALUE UCITS ETF;-76,0
2024-09-30;LU0322253906;ETF XTR.MSCI Europe Small CAP;1347,0
2024-09-30;IE00B4WPHX27;L&G-L&G L.Dated all Comm U.ETF;2804,0
2024-09-30;KYG393871085;GLOBALFOUNDRIES INC.;318,201
2024-09-30;LU2572257397;AIS-MSCIPECNZAC U.ETFDLD;944,0
2024-10-31;LU0360863863;ARERO - DER WELTFONDS - INHABER-ANTEILE O.N.;1482,0
2024-10-31;LU0480132876;UBS-ETF-UBS-ETF MSCI E.M.U ETF - INHABER-ANTEILE A O.N.;1434,0
2024-10-31;IE00B4PY7Y77;X_iShares USD High Yield Corporate Bond UCITS ETF;-83,0
2024-10-31;DE000ETFL235;X_Deka DAXplus Maximum Dividend UCITS ETF;-85,0
2024-10-31;IE00B0M63060;X_iShares UK Dividend (DE) UCITS ETF;-234,0
2024-10-31;LU0832436512;X_LYXOR MU (LU) - SG Global Quality Income NTR UCITS ETF;-41,0
2024-10-31;IE00BJ0KDR00;ETF XTR.(IE) USA;1091,125
2024-10-31;IE00B9CQXS71;X_SPDR S&P GLOB.DIV.ARISTOR.ETF;-289,0
2024-10-31;LU0292096186;X_DB.X-t.STOXX GL.SE.DIV.100 SE;-95,0
2024-10-31;FR0010378604;X_Lyxor UCITS ETF STOXX Europe Select Divide;-488,0
2024-10-31;IE00BQN1K901;ISHSIV-EDGE MSCI EU.VA.F.U.ETF;9239,0
2024-10-31;DE000ETFL045;X_Deka STOXX Europe Strong Value 20 UCITS ETF;-393,0
2024-10-31;DE000A0Q4R02;X_iShares STOXX Utilities Europe 600 (DE);-93,0
2024-10-31;LU0446734369;x_UBS ETF - MSCI EMU VALUE UCITS ETF;-76,0
2024-10-31;LU0322253906;ETF XTR.MSCI Europe Small CAP;1347,0
2024-10-31;IE00B4WPHX27;L&G-L&G L.Dated all Comm U.ETF;2804,0
2024-10-31;KYG393871085;GLOBALFOUNDRIES INC.;318,201
2024-10-31;LU2572257397;AIS-MSCIPECNZAC U.ETFDLD;944,0
2024-11-30;LU0360863863;ARERO - DER WELTFONDS - INHABER-ANTEILE O.N.;1482,0
2024-11-30;LU0480132876;UBS-ETF-UBS-ETF MSCI E.M.U ETF - INHABER-ANTEILE A O.N.;1434,0
2024-11-30;IE00B4PY7Y77;X_iShares USD High Yield Corporate Bond UCITS ETF;-83,0
2024-11-30;DE000ETFL235;X_Deka DAXplus Maximum Dividend UCITS ETF;-85,0
2024-11-30;IE00B0M63060;X_iShares UK Dividend (DE) UCITS ETF;-234,0
2024-11-30;LU0832436512;X_LYXOR MU (LU) - SG Global Quality Income NTR UCITS ETF;-41,0
2024-11-30;IE00BJ0KDR00;ETF XTR.(IE) USA;1091,125
2024-11-30;IE00B9CQXS71;X_SPDR S&P GLOB.DIV.ARISTOR.ETF;-289,0
2024-11-30;LU0292096186;X_DB.X-t.STOXX GL.SE.DIV.100 SE;-95,0
2024-11-30;FR0010378604;X_Lyxor UCITS ETF STOXX Europe Select Divide;-488,0
2024-11-30;IE00BQN1K901;ISHSIV-EDGE MSCI EU.VA.F.U.ETF;9239,0
2024-11-30;DE000ETFL045;X_Deka STOXX Europe Strong Value 20 UCITS ETF;-393,0
2024-11-30;DE000A0Q4R02;X_iShares STOXX Utilities Europe 600 (DE);-93,0
2024-11-30;LU0446734369;x_UBS ETF - MSCI EMU VALUE UCITS ETF;-76,0
2024-11-30;LU0322253906;ETF XTR.MSCI Europe Small CAP;1347,0
2024-11-30;IE00B4WPHX27;L&G-L&G L.Dated all Comm U.ETF;2804,0
2024-11-30;KYG393871085;GLOBALFOUNDRIES INC.;318,201
2024-11-30;LU2572257397;AIS-MSCIPECNZAC U.ETFDLD;944,0
2024-12-31;LU0360863863;ARERO - DER WELTFONDS - INHABER-ANTEILE O.N.;1482,0
2024-12-31;LU0480132876;UBS-ETF-UBS-ETF MSCI E.M.U ETF - INHABER-ANTEILE A O.N.;1434,0
2024-12-31;IE00B4PY7Y77;X_iShares USD High Yield Corporate Bond UCITS ETF;-83,0
2024-12-31;DE000ETFL235;X_Deka DAXplus Maximum Dividend UCITS ETF;-85,0
2024-12-31;IE00B0M63060;X_iShares UK Dividend (DE) UCITS ETF;-234,0
2024-12-31;LU0832436512;X_LYXOR MU (LU) - SG Global Quality Income NTR UCITS ETF;-41,0
2024-12-31;IE00BJ0KDR00;ETF XTR.(IE) USA;1091,125
2024-12-31;IE00B9CQXS71;X_SPDR S&P GLOB.DIV.ARISTOR.ETF;-289,0
2024-12-31;LU0292096186;X_DB.X-t.STOXX GL.SE.DIV.100 SE;-95,0
2024-12-31;FR0010378604;X_Lyxor UCITS ETF STOXX Europe Select Divide;-488,0
2024-12-31;IE00BQN1K901;ISHSIV-EDGE MSCI EU.VA.F.U.ETF;9239,0
2024-12-31;DE000ETFL045;X_Deka STOXX Europe Strong Value 20 UCITS ETF;-393,0
2024-12-31;DE000A0Q4R02;X_iShares STOXX Utilities Europe 600 (DE);-93,0
2024-12-31;LU0446734369;x_UBS ETF - MSCI EMU VALUE UCITS ETF;-76,0
2024-12-31;LU0322253906;ETF XTR.MSCI Europe Small CAP;1347,0
2024-12-31;IE00B4WPHX27;L&G-L&G L.Dated all Comm U.ETF;2804,0
2024-12-31;KYG393871085;GLOBALFOUNDRIES INC.;318,201
2024-12-31;LU2572257397;AIS-MSCIPECNZAC U.ETFDLD;944,0
2025-01-31;LU0360863863;ARERO - DER WELTFONDS - INHABER-ANTEILE O.N.;1482,0
2025-01-31;LU0480132876;UBS-ETF-UBS-ETF MSCI E.M.U ETF - INHABER-ANTEILE A O.N.;1434,0
2025-01-31;IE00B4PY7Y77;X_iShares USD High Yield Corporate Bond UCITS ETF;-83,0
2025-01-31;DE000ETFL235;X_Deka DAXplus Maximum Dividend UCITS ETF;-85,0
2025-01-31;IE00B0M63060;X_iShares UK Dividend (DE) UCITS ETF;-234,0
2025-01-31;LU0832436512;X_LYXOR MU (LU) - SG Global Quality Income NTR UCITS ETF;-41,0
2025-01-31;IE00BJ0KDR00;ETF XTR.(IE) USA;1091,125
2025-01-31;IE00B9CQXS71;X_SPDR S&P GLOB.DIV.ARISTOR.ETF;-289,0
2025-01-31;LU0292096186;X_DB.X-t.STOXX GL.SE.DIV.100 SE;-95,0
2025-01-31;FR0010378604;X_Lyxor UCITS ETF STOXX Europe Select Divide;-488,0
2025-01-31;IE00BQN1K901;ISHSIV-EDGE MSCI EU.VA.F.U.ETF;9239,0
2025-01-31;DE000ETFL045;X_Deka STOXX Europe Strong Value 20 UCITS ETF;-393,0
2025-01-31;DE000A0Q4R02;X_iShares STOXX Utilities Europe 600 (DE);-93,0
2025-01-31;LU0446734369;x_UBS ETF - MSCI EMU VALUE UCITS ETF;-76,0
2025-01-31;LU0322253906;ETF XTR.MSCI Europe Small CAP;1347,0
2025-01-31;IE00B4WPHX27;L&G-L&G L.Dated all Comm U.ETF;2804,0
2025-01-31;KYG393871085;GLOBALFOUNDRIES INC.;318,201
2025-01-31;LU2572257397;AIS-MSCIPECNZAC U.ETFDLD;944,0
2025-02-28;LU0360863863;ARERO - DER WELTFONDS - INHABER-ANTEILE O.N.;1666,0
2025-02-28;LU0480132876;UBS-ETF-UBS-ETF MSCI E.M.U ETF - INHABER-ANTEILE A O.N.;1434,0
2025-02-28;IE00B4PY7Y77;X_iShares USD High Yield Corporate Bond UCITS ETF;-83,0
2025-02-28;DE000ETFL235;X_Deka DAXplus Maximum Dividend UCITS ETF;-85,0
2025-02-28;IE00B0M63060;X_iShares UK Dividend (DE) UCITS ETF;-234,0
2025-02-28;LU0832436512;X_LYXOR MU (LU) - SG Global Quality Income NTR UCITS ETF;-41,0
2025-02-28;IE00BJ0KDR00;ETF XTR.(IE) USA;1091,125
2025-02-28;IE00B9CQXS71;X_SPDR S&P GLOB.DIV.ARISTOR.ETF;-289,0
2025-02-28;LU0292096186;X_DB.X-t.STOXX GL.SE.DIV.100 SE;-95,0
2025-02-28;FR0010378604;X_Lyxor UCITS ETF STOXX Europe Select Divide;-488,0
2025-02-28;IE00BQN1K901;ISHSIV-EDGE MSCI EU.VA.F.U.ETF;9239,0
2025-02-28;DE000ETFL045;X_Deka STOXX Europe Strong Value 20 UCITS ETF;-393,0
2025-02-28;DE000A0Q4R02;X_iShares STOXX Utilities Europe 600 (DE);-93,0
2025-02-28;LU0446734369;x_UBS ETF - MSCI EMU VALUE UCITS ETF;-76,0
2025-02-28;LU0322253906;ETF XTR.MSCI Europe Small CAP;1347,0
2025-02-28;IE00B4WPHX27;L&G-L&G L.Dated all Comm U.ETF;2804,0
2025-02-28;KYG393871085;GLOBALFOUNDRIES INC.;318,201
2025-02-28;LU2572257397;AIS-MSCIPECNZAC U.ETFDLD;944,0
2025-03-31;LU0360863863;ARERO - DER WELTFONDS - INHABER-ANTEILE O.N.;1666,0
2025-03-31;LU0480132876;UBS-ETF-UBS-ETF MSCI E.M.U ETF - INHABER-ANTEILE A O.N.;1702,0
2025-03-31;IE00B4PY7Y77;X_iShares USD High Yield Corporate Bond UCITS ETF;-83,0
2025-03-31;DE000ETFL235;X_Deka DAXplus Maximum Dividend UCITS ETF;-85,0
2025-03-31;IE00B0M63060;X_iShares UK Dividend (DE) UCITS ETF;-234,0
2025-03-31;LU0832436512;X_LYXOR MU (LU) - SG Global Quality Income NTR UCITS ETF;-41,0
2025-03-31;IE00BJ0KDR00;ETF XTR.(IE) USA;1091,125
2025-03-31;IE00B9CQXS71;X_SPDR S&P GLOB.DIV.ARISTOR.ETF;-289,0
2025-03-31;LU0292096186;X_DB.X-t.STOXX GL.SE.DIV.100 SE;-95,0
2025-03-31;FR0010378604;X_Lyxor UCITS ETF STOXX Europe Select Divide;-488,0
2025-03-31;IE00BQN1K901;ISHSIV-EDGE MSCI EU.VA.F.U.ETF;9239,0
2025-03-31;DE000ETFL045;X_Deka STOXX Europe Strong Value 20 UCITS ETF;-393,0
2025-03-31;DE000A0Q4R02;X_iShares STOXX Utilities Europe 600 (DE);-93,0
2025-03-31;LU0446734369;x_UBS ETF - MSCI EMU VALUE UCITS ETF;-76,0
2025-03-31;LU0322253906;ETF XTR.MSCI Europe Small CAP;1632,0
2025-03-31;IE00B4WPHX27;L&G-L&G L.Dated all Comm U.ETF;2804,0
2025-03-31;KYG393871085;GLOBALFOUNDRIES INC.;318,201
2025-03-31;LU2572257397;AIS-MSCIPECNZAC U.ETFDLD;944,0
2025-04-30;LU0360863863;ARERO - DER WELTFONDS - INHABER-ANTEILE O.N.;1666,0
2025-04-30;LU0480132876;UBS-ETF-UBS-ETF MSCI E.M.U ETF - INHABER-ANTEILE A O.N.;1702,0
2025-04-30;IE00B4PY7Y77;X_iShares USD High Yield Corporate Bond UCITS ETF;-83,0
2025-04-30;DE000ETFL235;X_Deka DAXplus Maximum Dividend UCITS ETF;-85,0
2025-04-30;IE00B0M63060;X_iShares UK Dividend (DE) UCITS ETF;-234,0
2025-04-30;LU0832436512;X_LYXOR MU (LU) - SG Global Quality Income NTR UCITS ETF;-41,0
2025-04-30;IE00BJ0KDR00;ETF XTR.(IE) USA;1091,125
2025-04-30;IE00B9CQXS71;X_SPDR S&P GLOB.DIV.ARISTOR.ETF;-289,0
2025-04-30;LU0292096186;X_DB.X-t.STOXX GL.SE.DIV.100 SE;-95,0
2025-04-30;FR0010378604;X_Lyxor UCITS ETF STOXX Europe Select Divide;-488,0
2025-04-30;IE00BQN1K901;ISHSIV-EDGE MSCI EU.VA.F.U.ETF;9239,0
2025-04-30;DE000ETFL045;X_Deka STOXX Europe Strong Value 20 UCITS ETF;-393,0
2025-04-30;DE000A0Q4R02;X_iShares STOXX Utilities Europe 600 (DE);-93,0
2025-04-30;LU0446734369;x_UBS ETF - MSCI EMU VALUE UCITS ETF;-76,0
2025-04-30;LU0322253906;ETF XTR.MSCI Europe Small CAP;1632,0
2025-04-30;IE00B4WPHX27;L&G-L&G L.Dated all Comm U.ETF;2804,0
2025-04-30;KYG393871085;GLOBALFOUNDRIES INC.;318,201
2025-04-30;LU2572257397;AIS-MSCIPECNZAC U.ETFDLD;944,0
2025-05-31;LU0360863863;ARERO - DER WELTFONDS - INHABER-ANTEILE O.N.;1666,0
2025-05-31;LU0480132876;UBS-ETF-UBS-ETF MSCI E.M.U ETF - INHABER-ANTEILE A O.N.;1702,0
2025-05-31;IE00B4PY7Y77;X_iShares USD High Yield Corporate Bond UCITS ETF;-83,0
2025-05-31;DE000ETFL235;X_Deka DAXplus Maximum Dividend UCITS ETF;-85,0
2025-05-31;IE00B0M63060;X_iShares UK Dividend (DE) UCITS ETF;-234,0
2025-05-31;LU0832436512;X_LYXOR MU (LU) - SG Global Quality Income NTR UCITS ETF;-41,0
2025-05-31;IE00BJ0KDR00;ETF XTR.(IE) USA;1091,125
2025-05-31;IE00B9CQXS71;X_SPDR S&P GLOB.DIV.ARISTOR.ETF;-289,0
2025-05-31;LU0292096186;X_DB.X-t.STOXX GL.SE.DIV.100 SE;-95,0
2025-05-31;FR0010378604;X_Lyxor UCITS ETF STOXX Europe Select Divide;-488,0
2025-05-31;IE00BQN1K901;ISHSIV-EDGE MSCI EU.VA.F.U.ETF;9239,0
2025-05-31;DE000ETFL045;X_Deka STOXX Europe Strong Value 20 UCITS ETF;-393,0
2025-05-31;DE000A0Q4R02;X_iShares STOXX Utilities Europe 600 (DE);-93,0
2025-05-31;LU0446734369;x_UBS ETF - MSCI EMU VALUE UCITS ETF;-76,0
2025-05-31;LU0322253906;ETF XTR.MSCI Europe Small CAP;1632,0
2025-05-31;IE00B4WPHX27;L&G-L&G L.Dated all Comm U.ETF;2804,0
2025-05-31;KYG393871085;GLOBALFOUNDRIES INC.;318,201
2025-05-31;LU2572257397;AIS-MSCIPECNZAC U.ETFDLD;944,0
2025-06-30;LU0360863863;ARERO - DER WELTFONDS - INHABER-ANTEILE O.N.;1669,522
2025-06-30;LU0480132876;UBS-ETF-UBS-ETF MSCI E.M.U ETF - INHABER-ANTEILE A O.N.;1702,0
2025-06-30;IE00B4PY7Y77;X_iShares USD High Yield Corporate Bond UCITS ETF;-83,0
2025-06-30;DE000ETFL235;X_Deka DAXplus Maximum Dividend UCITS ETF;-85,0
2025-06-30;IE00B0M63060;X_iShares UK Dividend (DE) UCITS ETF;-234,0
2025-06-30;LU0832436512;X_LYXOR MU (LU) - SG Global Quality Income NTR UCITS ETF;-41,0
2025-06-30;IE00BJ0KDR00;ETF XTR.(IE) USA;1091,125
2025-06-30;IE00B9CQXS71;X_SPDR S&P GLOB.DIV.ARISTOR.ETF;-289,0
2025-06-30;LU0292096186;X_DB.X-t.STOXX GL.SE.DIV.100 SE;-95,0
2025-06-30;FR0010378604;X_Lyxor UCITS ETF STOXX Europe Select Divide;-488,0
2025-06-30;IE00BQN1K901;ISHSIV-EDGE MSCI EU.VA.F.U.ETF;9239,0
2025-06-30;DE000ETFL045;X_Deka STOXX Europe Strong Value 20 UCITS ETF;-393,0
2025-06-30;DE000A0Q4R02;X_iShares STOXX Utilities Europe 600 (DE);-93,0
2025-06-30;LU0446734369;x_UBS ETF - MSCI EMU VALUE UCITS ETF;-76,0
2025-06-30;LU0322253906;ETF XTR.MSCI Europe Small CAP;1632,0
2025-06-30;IE00B4WPHX27;L&G-L&G L.Dated all Comm U.ETF;2804,0
2025-06-30;KYG393871085;GLOBALFOUNDRIES INC.;318,201
2025-06-30;LU2572257397;AIS-MSCIPECNZAC U.ETFDLD;944,0
2025-07-31;LU0360863863;ARERO - DER WELTFONDS - INHABER-ANTEILE O.N.;1673,031
2025-07-31;LU0480132876;UBS-ETF-UBS-ETF MSCI E.M.U ETF - INHABER-ANTEILE A O.N.;1702,0
2025-07-31;IE00B4PY7Y77;X_iShares USD High Yield Corporate Bond UCITS ETF;-83,0
2025-07-31;DE000ETFL235;X_Deka DAXplus Maximum Dividend UCITS ETF;-85,0
2025-07-31;IE00B0M63060;X_iShares UK Dividend (DE) UCITS ETF;-234,0
2025-07-31;LU0832436512;X_LYXOR MU (LU) - SG Global Quality Income NTR UCITS ETF;-41,0
2025-07-31;IE00BJ0KDR00;ETF XTR.(IE) USA;1091,125
2025-07-31;IE00B9CQXS71;X_SPDR S&P GLOB.DIV.ARISTOR.ETF;-289,0
2025-07-31;LU0292096186;X_DB.X-t.STOXX GL.SE.DIV.100 SE;-95,0
2025-07-31;FR0010378604;X_Lyxor UCITS ETF STOXX Europe Select Divide;-488,0
2025-07-31;IE00BQN1K901;ISHSIV-EDGE MSCI EU.VA.F.U.ETF;9239,0
2025-07-31;DE000ETFL045;X_Deka STOXX Europe Strong Value 20 UCITS ETF;-393,0
2025-07-31;DE000A0Q4R02;X_iShares STOXX Utilities Europe 600 (DE);-93,0
2025-07-31;LU0446734369;x_UBS ETF - MSCI EMU VALUE UCITS ETF;-76,0
2025-07-31;LU0322253906;ETF XTR.MSCI Europe Small CAP;1632,0
2025-07-31;IE00B4WPHX27;L&G-L&G L.Dated all Comm U.ETF;2804,0
2025-07-31;KYG393871085;GLOBALFOUNDRIES INC.;318,201
2025-07-31;LU2572257397;AIS-MSCIPECNZAC U.ETFDLD;944,0
2025-08-31;LU0360863863;ARERO - DER WELTFONDS - INHABER-ANTEILE O.N.;1676,501
2025-08-31;LU0480132876;UBS-ETF-UBS-ETF MSCI E.M.U ETF - INHABER-ANTEILE A O.N.;1702,0
2025-08-31;IE00B4PY7Y77;X_iShares USD High Yield Corporate Bond UCITS ETF;-83,0
2025-08-31;DE000ETFL235;X_Deka DAXplus Maximum Dividend UCITS ETF;-85,0
2025-08-31;IE00B0M63060;X_iShares UK Dividend (DE) UCITS ETF;-234,0
2025-08-31;LU0832436512;X_LYXOR MU (LU) - SG Global Quality Income NTR UCITS ETF;-41,0
2025-08-31;IE00BJ0KDR00;ETF XTR.(IE) USA;1091,125
2025-08-31;IE00B9CQXS71;X_SPDR S&P GLOB.DIV.ARISTOR.ETF;-289,0
2025-08-31;LU0292096186;X_DB.X-t.STOXX GL.SE.DIV.100 SE;-95,0
2025-08-31;FR0010378604;X_Lyxor UCITS ETF STOXX Europe Select Divide;-488,0
2025-08-31;IE00BQN1K901;ISHSIV-EDGE MSCI EU.VA.F.U.ETF;9239,0
2025-08-31;DE000ETFL045;X_Deka STOXX Europe Strong Value 20 UCITS ETF;-393,0
2025-08-31;DE000A0Q4R02;X_iShares STOXX Utilities Europe 600 (DE);-93,0
2025-08-31;LU0446734369;x_UBS ETF - MSCI EMU VALUE UCITS ETF;-76,0
2025-08-31;LU0322253906;ETF XTR.MSCI Europe Small CAP;1632,0
2025-08-31;IE00B4WPHX27;L&G-L&G L.Dated all Comm U.ETF;2804,0
2025-08-31;KYG393871085;GLOBALFOUNDRIES INC.;318,201
2025-08-31;LU2572257397;AIS-MSCIPECNZAC U.ETFDLD;944,0
2025-09-30;LU0360863863;ARERO - DER WELTFONDS - INHABER-ANTEILE O.N.;1679,918
2025-09-30;LU0480132876;UBS-ETF-UBS-ETF MSCI E.M.U ETF - INHABER-ANTEILE A O.N.;1702,0
2025-09-30;IE00B4PY7Y77;X_iShares USD High Yield Corporate Bond UCITS ETF;-83,0
2025-09-30;DE000ETFL235;X_Deka DAXplus Maximum Dividend UCITS ETF;-85,0
2025-09-30;IE00B0M63060;X_iShares UK Dividend (DE) UCITS ETF;-234,0
2025-09-30;LU0832436512;X_LYXOR MU (LU) - SG Global Quality Income NTR UCITS ETF;-41,0
2025-09-30;IE00BJ0KDR00;ETF XTR.(IE) USA;1091,125
2025-09-30;IE00B9CQXS71;X_SPDR S&P GLOB.DIV.ARISTOR.ETF;-289,0
2025-09-30;LU0292096186;X_DB.X-t.STOXX GL.SE.DIV.100 SE;-95,0
2025-09-30;FR0010378604;X_Lyxor UCITS ETF STOXX Europe Select Divide;-488,0
2025-09-30;IE00BQN1K901;ISHSIV-EDGE MSCI EU.VA.F.U.ETF;9239,0
2025-09-30;DE000ETFL045;X_Deka STOXX Europe Strong Value 20 UCITS ETF;-393,0
2025-09-30;DE000A0Q4R02;X_iShares STOXX Utilities Europe 600 (DE);-93,0
2025-09-30;LU0446734369;x_UBS ETF - MSCI EMU VALUE UCITS ETF;-76,0
2025-09-30;LU0322253906;ETF XTR.MSCI Europe Small CAP;1632,0
2025-09-30;IE00B4WPHX27;L&G-L&G L.Dated all Comm U.ETF;2804,0
2025-09-30;KYG393871085;GLOBALFOUNDRIES INC.;318,201
2025-09-30;LU2572257397;AIS-MSCIPECNZAC U.ETFDLD;944,0
2025-10-31;LU0360863863;ARERO - DER WELTFONDS - INHABER-ANTEILE O.N.;1716,227
2025-10-31;LU0480132876;UBS-ETF-UBS-ETF MSCI E.M.U ETF - INHABER-ANTEILE A O.N.;1702,0
2025-10-31;IE00B4PY7Y77;X_iShares USD High Yield Corporate Bond UCITS ETF;-83,0
2025-10-31;DE000ETFL235;X_Deka DAXplus Maximum Dividend UCITS ETF;-85,0
2025-10-31;IE00B0M63060;X_iShares UK Dividend (DE) UCITS ETF;-234,0
2025-10-31;LU0832436512;X_LYXOR MU (LU) - SG Global Quality Income NTR UCITS ETF;-41,0
2025-10-31;IE00BJ0KDR00;ETF XTR.(IE) USA;1140,125
2025-10-31;IE00B9CQXS71;X_SPDR S&P GLOB.DIV.ARISTOR.ETF;-289,0
2025-10-31;LU0292096186;X_DB.X-t.STOXX GL.SE.DIV.100 SE;-95,0
2025-10-31;FR0010378604;X_Lyxor UCITS ETF STOXX Europe Select Divide;-488,0
2025-10-31;IE00BQN1K901;ISHSIV-EDGE MSCI EU.VA.F.U.ETF;9637,0
2025-10-31;DE000ETFL045;X_Deka STOXX Europe Strong Value 20 UCITS ETF;-393,0
2025-10-31;DE000A0Q4R02;X_iShares STOXX Utilities Europe 600 (DE);-93,0
2025-10-31;LU0446734369;x_UBS ETF - MSCI EMU VALUE UCITS ETF;-76,0
2025-10-31;LU0322253906;ETF XTR.MSCI Europe Small CAP;1632,0
2025-10-31;IE00B4WPHX27;L&G-L&G L.Dated all Comm U.ETF;3316,0
2025-10-31;KYG393871085;GLOBALFOUNDRIES INC.;318,201
2025-10-31;LU2572257397;AIS-MSCIPECNZAC U.ETFDLD;1109,0
2025-11-30;LU0360863863;ARERO - DER WELTFONDS - INHABER-ANTEILE O.N.;1719,446
2025-11-30;LU0480132876;UBS-ETF-UBS-ETF MSCI E.M.U ETF - INHABER-ANTEILE A O.N.;1702,0
2025-11-30;IE00B4PY7Y77;X_iShares USD High Yield Corporate Bond UCITS ETF;-83,0
2025-11-30;DE000ETFL235;X_Deka DAXplus Maximum Dividend UCITS ETF;-85,0
2025-11-30;IE00B0M63060;X_iShares UK Dividend (DE) UCITS ETF;-234,0
2025-11-30;LU0832436512;X_LYXOR MU (LU) - SG Global Quality Income NTR UCITS ETF;-41,0
2025-11-30;IE00BJ0KDR00;ETF XTR.(IE) USA;1140,125
2025-11-30;IE00B9CQXS71;X_SPDR S&P GLOB.DIV.ARISTOR.ETF;-289,0
2025-11-30;LU0292096186;X_DB.X-t.STOXX GL.SE.DIV.100 SE;-95,0
2025-11-30;FR0010378604;X_Lyxor UCITS ETF STOXX Europe Select Divide;-488,0
2025-11-30;IE00BQN1K901;ISHSIV-EDGE MSCI EU.VA.F.U.ETF;9637,0
2025-11-30;DE000ETFL045;X_Deka STOXX Europe Strong Value 20 UCITS ETF;-393,0
2025-11-30;DE000A0Q4R02;X_iShares STOXX Utilities Europe 600 (DE);-93,0
2025-11-30;LU0446734369;x_UBS ETF - MSCI EMU VALUE UCITS ETF;-76,0
2025-11-30;LU0322253906;ETF XTR.MSCI Europe Small CAP;1632,0
2025-11-30;IE00B4WPHX27;L&G-L&G L.Dated all Comm U.ETF;3316,0
2025-11-30;KYG393871085;GLOBALFOUNDRIES INC.;318,201
2025-11-30;LU2572257397;AIS-MSCIPECNZAC U.ETFDLD;1109,0
2025-12-31;LU0360863863;ARERO - DER WELTFONDS - INHABER-ANTEILE O.N.;1722,687
2025-12-31;LU0480132876;UBS-ETF-UBS-ETF MSCI E.M.U ETF - INHABER-ANTEILE A O.N.;1702,0
2025-12-31;IE00B4PY7Y77;X_iShares USD High Yield Corporate Bond UCITS ETF;-83,0
2025-12-31;DE000ETFL235;X_Deka DAXplus Maximum Dividend UCITS ETF;-85,0
2025-12-31;IE00B0M63060;X_iShares UK Dividend (DE) UCITS ETF;-234,0
2025-12-31;LU0832436512;X_LYXOR MU (LU) - SG Global Quality Income NTR UCITS ETF;-41,0
2025-12-31;IE00BJ0KDR00;ETF XTR.(IE) USA;1140,125
2025-12-31;IE00B9CQXS71;X_SPDR S&P GLOB.DIV.ARISTOR.ETF;-289,0
2025-12-31;LU0292096186;X_DB.X-t.STOXX GL.SE.DIV.100 SE;-95,0
2025-12-31;FR0010378604;X_Lyxor UCITS ETF STOXX Europe Select Divide;-488,0
2025-12-31;IE00BQN1K901;ISHSIV-EDGE MSCI EU.VA.F.U.ETF;9637,0
2025-12-31;DE000ETFL045;X_Deka STOXX Europe Strong Value 20 UCITS ETF;-393,0
2025-12-31;DE000A0Q4R02;X_iShares STOXX Utilities Europe 600 (DE);-93,0
2025-12-31;LU0446734369;x_UBS ETF - MSCI EMU VALUE UCITS ETF;-76,0
2025-12-31;LU0322253906;ETF XTR.MSCI Europe Small CAP;1632,0
2025-12-31;IE00B4WPHX27;L&G-L&G L.Dated all Comm U.ETF;3316,0
2025-12-31;KYG393871085;GLOBALFOUNDRIES INC.;318,201
2025-12-31;LU2572257397;AIS-MSCIPECNZAC U.ETFDLD;1109,0
2026-01-31;LU0360863863;ARERO - DER WELTFONDS - INHABER-ANTEILE O.N.;1725,872
2026-01-31;LU0480132876;UBS-ETF-UBS-ETF MSCI E.M.U ETF - INHABER-ANTEILE A O.N.;1702,0
2026-01-31;IE00B4PY7Y77;X_iShares USD High Yield Corporate Bond UCITS ETF;-83,0
2026-01-31;DE000ETFL235;X_Deka DAXplus Maximum Dividend UCITS ETF;-85,0
2026-01-31;IE00B0M63060;X_iShares UK Dividend (DE) UCITS ETF;-234,0
2026-01-31;LU0832436512;X_LYXOR MU (LU) - SG Global Quality Income NTR UCITS ETF;-41,0
2026-01-31;IE00BJ0KDR00;ETF XTR.(IE) USA;1140,125
2026-01-31;IE00B9CQXS71;X_SPDR S&P GLOB.DIV.ARISTOR.ETF;-289,0
2026-01-31;LU0292096186;X_DB.X-t.STOXX GL.SE.DIV.100 SE;-95,0
2026-01-31;FR0010378604;X_Lyxor UCITS ETF STOXX Europe Select Divide;-488,0
2026-01-31;IE00BQN1K901;ISHSIV-EDGE MSCI EU.VA.F.U.ETF;9637,0
2026-01-31;DE000ETFL045;X_Deka STOXX Europe Strong Value 20 UCITS ETF;-393,0
2026-01-31;DE000A0Q4R02;X_iShares STOXX Utilities Europe 600 (DE);-93,0
2026-01-31;LU0446734369;x_UBS ETF - MSCI EMU VALUE UCITS ETF;-76,0
2026-01-31;LU0322253906;ETF XTR.MSCI Europe Small CAP;1632,0
2026-01-31;IE00B4WPHX27;L&G-L&G L.Dated all Comm U.ETF;3316,0
2026-01-31;KYG393871085;GLOBALFOUNDRIES INC.;318,201
2026-01-31;LU2572257397;AIS-MSCIPECNZAC U.ETFDLD;1109,0
2026-02-28;LU0360863863;ARERO - DER WELTFONDS - INHABER-ANTEILE O.N.;1728,977
2026-02-28;LU0480132876;UBS-ETF-UBS-ETF MSCI E.M.U ETF - INHABER-ANTEILE A O.N.;1702,0
2026-02-28;IE00B4PY7Y77;X_iShares USD High Yield Corporate Bond UCITS ETF;-83,0
2026-02-28;DE000ETFL235;X_Deka DAXplus Maximum Dividend UCITS ETF;-85,0
2026-02-28;IE00B0M63060;X_iShares UK Dividend (DE) UCITS ETF;-234,0
2026-02-28;LU0832436512;X_LYXOR MU (LU) - SG Global Quality Income NTR UCITS ETF;-41,0
2026-02-28;IE00BJ0KDR00;ETF XTR.(IE) USA;1140,125
2026-02-28;IE00B9CQXS71;X_SPDR S&P GLOB.DIV.ARISTOR.ETF;-289,0
2026-02-28;LU0292096186;X_DB.X-t.STOXX GL.SE.DIV.100 SE;-95,0
2026-02-28;FR0010378604;X_Lyxor UCITS ETF STOXX Europe Select Divide;-488,0
2026-02-28;IE00BQN1K901;ISHSIV-EDGE MSCI EU.VA.F.U.ETF;9637,0
2026-02-28;DE000ETFL045;X_Deka STOXX Europe Strong Value 20 UCITS ETF;-393,0
2026-02-28;DE000A0Q4R02;X_iShares STOXX Utilities Europe 600 (DE);-93,0
2026-02-28;LU0446734369;x_UBS ETF - MSCI EMU VALUE UCITS ETF;-76,0
2026-02-28;LU0322253906;ETF XTR.MSCI Europe Small CAP;1632,0
2026-02-28;IE00B4WPHX27;L&G-L&G L.Dated all Comm U.ETF;3316,0
2026-02-28;KYG393871085;GLOBALFOUNDRIES INC.;318,201
2026-02-28;LU2572257397;AIS-MSCIPECNZAC U.ETFDLD;1109,0
2026-02-28;LU0290358497;XTRACKERS II EUR OVER.RATE SW.;1348,0
2026-03-31;LU0360863863;ARERO - DER WELTFONDS - INHABER-ANTEILE O.N.;1728,977
2026-03-31;LU0480132876;UBS-ETF-UBS-ETF MSCI E.M.U ETF - INHABER-ANTEILE A O.N.;1702,0
2026-03-31;IE00B4PY7Y77;X_iShares USD High Yield Corporate Bond UCITS ETF;-83,0
2026-03-31;DE000ETFL235;X_Deka DAXplus Maximum Dividend UCITS ETF;-85,0
2026-03-31;IE00B0M63060;X_iShares UK Dividend (DE) UCITS ETF;-234,0
2026-03-31;LU0832436512;X_LYXOR MU (LU) - SG Global Quality Income NTR UCITS ETF;-41,0
2026-03-31;IE00BJ0KDR00;ETF XTR.(IE) USA;1140,125
2026-03-31;IE00B9CQXS71;X_SPDR S&P GLOB.DIV.ARISTOR.ETF;-289,0
2026-03-31;LU0292096186;X_DB.X-t.STOXX GL.SE.DIV.100 SE;-95,0
2026-03-31;FR0010378604;X_Lyxor UCITS ETF STOXX Europe Select Divide;-488,0
2026-03-31;IE00BQN1K901;ISHSIV-EDGE MSCI EU.VA.F.U.ETF;9637,0
2026-03-31;DE000ETFL045;X_Deka STOXX Europe Strong Value 20 UCITS ETF;-393,0
2026-03-31;DE000A0Q4R02;X_iShares STOXX Utilities Europe 600 (DE);-93,0
2026-03-31;LU0446734369;x_UBS ETF - MSCI EMU VALUE UCITS ETF;-76,0
2026-03-31;LU0322253906;ETF XTR.MSCI Europe Small CAP;1632,0
2026-03-31;IE00B4WPHX27;L&G-L&G L.Dated all Comm U.ETF;3316,0
2026-03-31;KYG393871085;GLOBALFOUNDRIES INC.;318,201
2026-03-31;LU2572257397;AIS-MSCIPECNZAC U.ETFDLD;1109,0
2026-03-31;LU0290358497;XTRACKERS II EUR OVER.RATE SW.;1354,734
2026-04-30;LU0360863863;ARERO - DER WELTFONDS - INHABER-ANTEILE O.N.;1728,977
2026-04-30;LU0480132876;UBS-ETF-UBS-ETF MSCI E.M.U ETF - INHABER-ANTEILE A O.N.;1702,0
2026-04-30;IE00B4PY7Y77;X_iShares USD High Yield Corporate Bond UCITS ETF;-83,0
2026-04-30;DE000ETFL235;X_Deka DAXplus Maximum Dividend UCITS ETF;-85,0
2026-04-30;IE00B0M63060;X_iShares UK Dividend (DE) UCITS ETF;-234,0
2026-04-30;LU0832436512;X_LYXOR MU (LU) - SG Global Quality Income NTR UCITS ETF;-41,0
2026-04-30;IE00BJ0KDR00;ETF XTR.(IE) USA;1140,125
2026-04-30;IE00B9CQXS71;X_SPDR S&P GLOB.DIV.ARISTOR.ETF;-289,0
2026-04-30;LU0292096186;X_DB.X-t.STOXX GL.SE.DIV.100 SE;-95,0
2026-04-30;FR0010378604;X_Lyxor UCITS ETF STOXX Europe Select Divide;-488,0
2026-04-30;IE00BQN1K901;ISHSIV-EDGE MSCI EU.VA.F.U.ETF;9637,0
2026-04-30;DE000ETFL045;X_Deka STOXX Europe Strong Value 20 UCITS ETF;-393,0
2026-04-30;DE000A0Q4R02;X_iShares STOXX Utilities Europe 600 (DE);-93,0
2026-04-30;LU0446734369;x_UBS ETF - MSCI EMU VALUE UCITS ETF;-76,0
2026-04-30;LU0322253906;ETF XTR.MSCI Europe Small CAP;1632,0
2026-04-30;IE00B4WPHX27;L&G-L&G L.Dated all Comm U.ETF;3316,0
2026-04-30;KYG393871085;GLOBALFOUNDRIES INC.;318,201
2026-04-30;LU2572257397;AIS-MSCIPECNZAC U.ETFDLD;1109,0
2026-04-30;LU0290358497;XTRACKERS II EUR OVER.RATE SW.;1361,455
2026-05-31;LU0360863863;ARERO - DER WELTFONDS - INHABER-ANTEILE O.N.;1728,977
2026-05-31;LU0480132876;UBS-ETF-UBS-ETF MSCI E.M.U ETF - INHABER-ANTEILE A O.N.;1702,0
2026-05-31;IE00B4PY7Y77;X_iShares USD High Yield Corporate Bond UCITS ETF;-83,0
2026-05-31;DE000ETFL235;X_Deka DAXplus Maximum Dividend UCITS ETF;-85,0
2026-05-31;IE00B0M63060;X_iShares UK Dividend (DE) UCITS ETF;-234,0
2026-05-31;LU0832436512;X_LYXOR MU (LU) - SG Global Quality Income NTR UCITS ETF;-41,0
2026-05-31;IE00BJ0KDR00;ETF XTR.(IE) USA;1140,125
2026-05-31;IE00B9CQXS71;X_SPDR S&P GLOB.DIV.ARISTOR.ETF;-289,0
2026-05-31;LU0292096186;X_DB.X-t.STOXX GL.SE.DIV.100 SE;-95,0
2026-05-31;FR0010378604;X_Lyxor UCITS ETF STOXX Europe Select Divide;-488,0
2026-05-31;IE00BQN1K901;ISHSIV-EDGE MSCI EU.VA.F.U.ETF;9637,0
2026-05-31;DE000ETFL045;X_Deka STOXX Europe Strong Value 20 UCITS ETF;-393,0
2026-05-31;DE000A0Q4R02;X_iShares STOXX Utilities Europe 600 (DE);-93,0
2026-05-31;LU0446734369;x_UBS ETF - MSCI EMU VALUE UCITS ETF;-76,0
2026-05-31;LU0322253906;ETF XTR.MSCI Europe Small CAP;1632,0
2026-05-31;IE00B4WPHX27;L&G-L&G L.Dated all Comm U.ETF;3316,0
2026-05-31;KYG393871085;GLOBALFOUNDRIES INC.;318,201
2026-05-31;LU2572257397;AIS-MSCIPECNZAC U.ETFDLD;1109,0
2026-05-31;LU0290358497;XTRACKERS II EUR OVER.RATE SW.;1368,165
2026-06-30;LU0360863863;ARERO - DER WELTFONDS - INHABER-ANTEILE O.N.;1728,977
2026-06-30;LU0480132876;UBS-ETF-UBS-ETF MSCI E.M.U ETF - INHABER-ANTEILE A O.N.;1702,0
2026-06-30;IE00B4PY7Y77;X_iShares USD High Yield Corporate Bond UCITS ETF;-83,0
2026-06-30;DE000ETFL235;X_Deka DAXplus Maximum Dividend UCITS ETF;-85,0
2026-06-30;IE00B0M63060;X_iShares UK Dividend (DE) UCITS ETF;-234,0
2026-06-30;LU0832436512;X_LYXOR MU (LU) - SG Global Quality Income NTR UCITS ETF;-41,0
2026-06-30;IE00BJ0KDR00;ETF XTR.(IE) USA;1140,125
2026-06-30;IE00B9CQXS71;X_SPDR S&P GLOB.DIV.ARISTOR.ETF;-289,0
2026-06-30;LU0292096186;X_DB.X-t.STOXX GL.SE.DIV.100 SE;-95,0
2026-06-30;FR0010378604;X_Lyxor UCITS ETF STOXX Europe Select Divide;-488,0
2026-06-30;IE00BQN1K901;ISHSIV-EDGE MSCI EU.VA.F.U.ETF;9637,0
2026-06-30;DE000ETFL045;X_Deka STOXX Europe Strong Value 20 UCITS ETF;-393,0
2026-06-30;DE000A0Q4R02;X_iShares STOXX Utilities Europe 600 (DE);-93,0
2026-06-30;LU0446734369;x_UBS ETF - MSCI EMU VALUE UCITS ETF;-76,0
2026-06-30;LU0322253906;ETF XTR.MSCI Europe Small CAP;1632,0
2026-06-30;IE00B4WPHX27;L&G-L&G L.Dated all Comm U.ETF;3316,0
2026-06-30;KYG393871085;GLOBALFOUNDRIES INC.;318,201
2026-06-30;LU2572257397;AIS-MSCIPECNZAC U.ETFDLD;1109,0
2026-06-30;LU0290358497;XTRACKERS II EUR OVER.RATE SW.;1374,865
2026-07-31;LU0360863863;ARERO - DER WELTFONDS - INHABER-ANTEILE O.N.;1831,977
2026-07-31;LU0480132876;UBS-ETF-UBS-ETF MSCI E.M.U ETF - INHABER-ANTEILE A O.N.;1702,0
2026-07-31;IE00B4PY7Y77;X_iShares USD High Yield Corporate Bond UCITS ETF;-83,0
2026-07-31;DE000ETFL235;X_Deka DAXplus Maximum Dividend UCITS ETF;-85,0
2026-07-31;IE00B0M63060;X_iShares UK Dividend (DE) UCITS ETF;-234,0
2026-07-31;LU0832436512;X_LYXOR MU (LU) - SG Global Quality Income NTR UCITS ETF;-41,0
2026-07-31;IE00BJ0KDR00;ETF XTR.(IE) USA;1205,125
2026-07-31;IE00B9CQXS71;X_SPDR S&P GLOB.DIV.ARISTOR.ETF;-289,0
2026-07-31;LU0292096186;X_DB.X-t.STOXX GL.SE.DIV.100 SE;-95,0
2026-07-31;FR0010378604;X_Lyxor UCITS ETF STOXX Europe Select Divide;-488,0
2026-07-31;IE00BQN1K901;ISHSIV-EDGE MSCI EU.VA.F.U.ETF;9844,0
2026-07-31;DE000ETFL045;X_Deka STOXX Europe Strong Value 20 UCITS ETF;-393,0
2026-07-31;DE000A0Q4R02;X_iShares STOXX Utilities Europe 600 (DE);-93,0
2026-07-31;LU0446734369;x_UBS ETF - MSCI EMU VALUE UCITS ETF;-76,0
2026-07-31;LU0322253906;ETF XTR.MSCI Europe Small CAP;1740,0
2026-07-31;IE00B4WPHX27;L&G-L&G L.Dated all Comm U.ETF;3458,0
2026-07-31;KYG393871085;GLOBALFOUNDRIES INC.;318,201
2026-07-31;LU2572257397;AIS-MSCIPECNZAC U.ETFDLD;1171,0
2026-07-31;LU0290358497;XTRACKERS II EUR OVER.RATE SW.;1699,552
2026-08-31;LU0360863863;ARERO - DER WELTFONDS - INHABER-ANTEILE O.N.;1831,977
2026-08-31;LU0480132876;UBS-ETF-UBS-ETF MSCI E.M.U ETF - INHABER-ANTEILE A O.N.;1702,0
2026-08-31;IE00B4PY7Y77;X_iShares USD High Yield Corporate Bond UCITS ETF;-83,0
2026-08-31;DE000ETFL235;X_Deka DAXplus Maximum Dividend UCITS ETF;-85,0
2026-08-31;IE00B0M63060;X_iShares UK Dividend (DE) UCITS ETF;-234,0
2026-08-31;LU0832436512;X_LYXOR MU (LU) - SG Global Quality Income NTR UCITS ETF;-41,0
2026-08-31;IE00BJ0KDR00;ETF XTR.(IE) USA;1205,125
2026-08-31;IE00B9CQXS71;X_SPDR S&P GLOB.DIV.ARISTOR.ETF;-289,0
2026-08-31;LU0292096186;X_DB.X-t.STOXX GL.SE.DIV.100 SE;-95,0
2026-08-31;FR0010378604;X_Lyxor UCITS ETF STOXX Europe Select Divide;-488,0
2026-08-31;IE00BQN1K901;ISHSIV-EDGE MSCI EU.VA.F.U.ETF;9844,0
2026-08-31;DE000ETFL045;X_Deka STOXX Europe Strong Value 20 UCITS ETF;-393,0
2026-08-31;DE000A0Q4R02;X_iShares STOXX Utilities Europe 600 (DE);-93,0
2026-08-31;LU0446734369;x_UBS ETF - MSCI EMU VALUE UCITS ETF;-76,0
2026-08-31;LU0322253906;ETF XTR.MSCI Europe Small CAP;1740,0
2026-08-31;IE00B4WPHX27;L&G-L&G L.Dated all Comm U.ETF;3458,0
2026-08-31;KYG393871085;GLOBALFOUNDRIES INC.;318,201
2026-08-31;LU2572257397;AIS-MSCIPECNZAC U.ETFDLD;1171,0
2026-08-31;LU0290358497;XTRACKERS II EUR OVER.RATE SW.;1706,232
