monat;isin;wertpapier;bestand;investiert
2017-07;LU0360863863;ARERO - DER WELTFONDS - INHABER-ANTEILE O.N.;218,0;40323,46
2017-07;LU0446734369;x_UBS ETF - MSCI EMU VALUE UCITS ETF;76,0;0,0
2017-07;DE000A0F5UK5;iShares STOXX Basic Resources Europe 600 (DE);118,0;0,0
2017-07;DE000A0Q4R02;X_iShares STOXX Utilities Europe 600 (DE);93,0;0,0
2017-08;LU0360863863;ARERO - DER WELTFONDS - INHABER-ANTEILE O.N.;271,0;50122,47
2017-08;LU0446734369;x_UBS ETF - MSCI EMU VALUE UCITS ETF;76,0;0,0
2017-08;LU0480132876;UBS-ETF-UBS-ETF MSCI E.M.U ETF - INHABER-ANTEILE A O.N.;90,0;8072,91
2017-08;DE000A0F5UK5;iShares STOXX Basic Resources Europe 600 (DE);118,0;0,0
2017-08;DE000A0Q4R02;X_iShares STOXX Utilities Europe 600 (DE);93,0;0,0
2017-09;LU0360863863;ARERO - DER WELTFONDS - INHABER-ANTEILE O.N.;271,0;50122,47
2017-09;LU0446734369;x_UBS ETF - MSCI EMU VALUE UCITS ETF;76,0;0,0
2017-09;DE000A1CXBV8;X_FS LONG.DATED.ALL COMM.GO U. - BEARER SHARES (DT. ZERT.) O;597,0;6996,24
2017-09;LU0480132876;UBS-ETF-UBS-ETF MSCI E.M.U ETF - INHABER-ANTEILE A O.N.;194,0;17476,59
2017-09;DE000A0F5UK5;iShares STOXX Basic Resources Europe 600 (DE);118,0;0,0
2017-09;DE000A0Q4R02;X_iShares STOXX Utilities Europe 600 (DE);93,0;0,0
2017-10;LU0360863863;ARERO - DER WELTFONDS - INHABER-ANTEILE O.N.;271,0;50122,47
2017-10;LU0446734369;x_UBS ETF - MSCI EMU VALUE UCITS ETF;76,0;0,0
2017-10;IE00BJ0KDR00;ETF XTR.(IE) USA;318,0;18227,48
2017-10;DE000A1CXBV8;X_FS LONG.DATED.ALL COMM.GO U. - BEARER SHARES (DT. ZERT.) O;597,0;6996,24
2017-10;LU0392495023;X_COMSTA.-MSCI PACIFIC TRN U.ETF - INHABER-ANTEILE I O.N.;146,0;7279,41
2017-10;LU0480132876;UBS-ETF-UBS-ETF MSCI E.M.U ETF - INHABER-ANTEILE A O.N.;194,0;17476,59
2017-10;DE000A0F5UK5;iShares STOXX Basic Resources Europe 600 (DE);118,0;0,0
2017-10;DE000A0Q4R02;X_iShares STOXX Utilities Europe 600 (DE);93,0;0,0
2017-11;LU0360863863;ARERO - DER WELTFONDS - INHABER-ANTEILE O.N.;271,0;50122,47
2017-11;LU0446734369;x_UBS ETF - MSCI EMU VALUE UCITS ETF;76,0;0,0
2017-11;IE00BJ0KDR00;ETF XTR.(IE) USA;318,0;18227,48
2017-11;DE000A1CXBV8;X_FS LONG.DATED.ALL COMM.GO U. - BEARER SHARES (DT. ZERT.) O;597,0;6996,24
2017-11;LU0392495023;X_COMSTA.-MSCI PACIFIC TRN U.ETF - INHABER-ANTEILE I O.N.;146,0;7279,41
2017-11;LU0480132876;UBS-ETF-UBS-ETF MSCI E.M.U ETF - INHABER-ANTEILE A O.N.;194,0;17476,59
2017-11;DE000A0F5UK5;iShares STOXX Basic Resources Europe 600 (DE);118,0;0,0
2017-11;DE000A0Q4R02;X_iShares STOXX Utilities Europe 600 (DE);93,0;0,0
2017-12;LU0360863863;ARERO - DER WELTFONDS - INHABER-ANTEILE O.N.;271,0;50122,47
2017-12;LU0446734369;x_UBS ETF - MSCI EMU VALUE UCITS ETF;76,0;0,0
2017-12;IE00BJ0KDR00;ETF XTR.(IE) USA;318,0;18227,48
2017-12;IE00BKWQ0M75;SSGA S.ETF E.II-M.EUROP.SM.CAP - REGISTERED SHARES O.N.;43,0;9931,07
2017-12;DE000A1CXBV8;X_FS LONG.DATED.ALL COMM.GO U. - BEARER SHARES (DT. ZERT.) O;597,0;6996,24
2017-12;LU0392495023;X_COMSTA.-MSCI PACIFIC TRN U.ETF - INHABER-ANTEILE I O.N.;146,0;7279,41
2017-12;LU0480132876;UBS-ETF-UBS-ETF MSCI E.M.U ETF - INHABER-ANTEILE A O.N.;194,0;17476,59
2017-12;DE000A0F5UK5;iShares STOXX Basic Resources Europe 600 (DE);118,0;0,0
2017-12;DE000A0Q4R02;X_iShares STOXX Utilities Europe 600 (DE);93,0;0,0
2018-01;LU0360863863;ARERO - DER WELTFONDS - INHABER-ANTEILE O.N.;271,0;50122,47
2018-01;LU0446734369;x_UBS ETF - MSCI EMU VALUE UCITS ETF;76,0;0,0
2018-01;IE00BJ0KDR00;ETF XTR.(IE) USA;318,0;18227,48
2018-01;IE00BKWQ0M75;SSGA S.ETF E.II-M.EUROP.SM.CAP - REGISTERED SHARES O.N.;43,0;9931,07
2018-01;IE00BQN1K901;ISHSIV-EDGE MSCI EU.VA.F.U.ETF;1644,0;9975,79
2018-01;DE000A1CXBV8;X_FS LONG.DATED.ALL COMM.GO U. - BEARER SHARES (DT. ZERT.) O;597,0;6996,24
2018-01;LU0392495023;X_COMSTA.-MSCI PACIFIC TRN U.ETF - INHABER-ANTEILE I O.N.;146,0;7279,41
2018-01;LU0480132876;UBS-ETF-UBS-ETF MSCI E.M.U ETF - INHABER-ANTEILE A O.N.;194,0;17476,59
2018-01;DE000A0F5UK5;iShares STOXX Basic Resources Europe 600 (DE);118,0;0,0
2018-01;DE000A0Q4R02;X_iShares STOXX Utilities Europe 600 (DE);93,0;0,0
2018-02;LU0360863863;ARERO - DER WELTFONDS - INHABER-ANTEILE O.N.;271,0;50122,47
2018-02;LU0446734369;x_UBS ETF - MSCI EMU VALUE UCITS ETF;76,0;0,0
2018-02;IE00BJ0KDR00;ETF XTR.(IE) USA;318,0;18227,48
2018-02;IE00BKWQ0M75;SSGA S.ETF E.II-M.EUROP.SM.CAP - REGISTERED SHARES O.N.;43,0;9931,07
2018-02;IE00BQN1K901;ISHSIV-EDGE MSCI EU.VA.F.U.ETF;1644,0;9975,79
2018-02;DE000A1CXBV8;X_FS LONG.DATED.ALL COMM.GO U. - BEARER SHARES (DT. ZERT.) O;597,0;6996,24
2018-02;LU0392495023;X_COMSTA.-MSCI PACIFIC TRN U.ETF - INHABER-ANTEILE I O.N.;146,0;7279,41
2018-02;LU0480132876;UBS-ETF-UBS-ETF MSCI E.M.U ETF - INHABER-ANTEILE A O.N.;194,0;17476,59
2018-02;DE000A0F5UK5;iShares STOXX Basic Resources Europe 600 (DE);118,0;0,0
2018-02;DE000A0Q4R02;X_iShares STOXX Utilities Europe 600 (DE);93,0;0,0
2018-03;LU0360863863;ARERO - DER WELTFONDS - INHABER-ANTEILE O.N.;292,0;54129,21
2018-03;LU0446734369;x_UBS ETF - MSCI EMU VALUE UCITS ETF;76,0;0,0
2018-03;IE00BJ0KDR00;ETF XTR.(IE) USA;345,0;19804,82
2018-03;IE00BKWQ0M75;SSGA S.ETF E.II-M.EUROP.SM.CAP - REGISTERED SHARES O.N.;49,0;11290,67
2018-03;IE00BQN1K901;ISHSIV-EDGE MSCI EU.VA.F.U.ETF;1644,0;9975,79
2018-03;DE000A1CXBV8;X_FS LONG.DATED.ALL COMM.GO U. - BEARER SHARES (DT. ZERT.) O;650,0;7633,88
2018-03;LU0392495023;X_COMSTA.-MSCI PACIFIC TRN U.ETF - INHABER-ANTEILE I O.N.;159,0;7945,53
2018-03;LU0480132876;UBS-ETF-UBS-ETF MSCI E.M.U ETF - INHABER-ANTEILE A O.N.;203,0;18337,26
2018-03;DE000A0F5UK5;iShares STOXX Basic Resources Europe 600 (DE);118,0;0,0
2018-03;DE000A0Q4R02;X_iShares STOXX Utilities Europe 600 (DE);0,0;-2708,16
2018-04;LU0360863863;ARERO - DER WELTFONDS - INHABER-ANTEILE O.N.;292,0;54129,21
2018-04;LU0446734369;x_UBS ETF - MSCI EMU VALUE UCITS ETF;76,0;0,0
2018-04;IE00BJ0KDR00;ETF XTR.(IE) USA;345,0;19804,82
2018-04;IE00BKWQ0M75;SSGA S.ETF E.II-M.EUROP.SM.CAP - REGISTERED SHARES O.N.;49,0;11290,67
2018-04;IE00BQN1K901;ISHSIV-EDGE MSCI EU.VA.F.U.ETF;1644,0;9975,79
2018-04;DE000A1CXBV8;X_FS LONG.DATED.ALL COMM.GO U. - BEARER SHARES (DT. ZERT.) O;650,0;7633,88
2018-04;LU0392495023;X_COMSTA.-MSCI PACIFIC TRN U.ETF - INHABER-ANTEILE I O.N.;159,0;7945,53
2018-04;LU0480132876;UBS-ETF-UBS-ETF MSCI E.M.U ETF - INHABER-ANTEILE A O.N.;203,0;18337,26
2018-04;DE000A0F5UK5;iShares STOXX Basic Resources Europe 600 (DE);118,0;0,0
2018-04;DE000A0Q4R02;X_iShares STOXX Utilities Europe 600 (DE);0,0;-2708,16
2018-05;LU0360863863;ARERO - DER WELTFONDS - INHABER-ANTEILE O.N.;292,0;54129,21
2018-05;LU0446734369;x_UBS ETF - MSCI EMU VALUE UCITS ETF;76,0;0,0
2018-05;IE00BJ0KDR00;ETF XTR.(IE) USA;345,0;19804,82
2018-05;IE00BKWQ0M75;SSGA S.ETF E.II-M.EUROP.SM.CAP - REGISTERED SHARES O.N.;49,0;11290,67
2018-05;IE00BQN1K901;ISHSIV-EDGE MSCI EU.VA.F.U.ETF;1644,0;9975,79
2018-05;DE000A1CXBV8;X_FS LONG.DATED.ALL COMM.GO U. - BEARER SHARES (DT. ZERT.) O;650,0;7633,88
2018-05;LU0392495023;X_COMSTA.-MSCI PACIFIC TRN U.ETF - INHABER-ANTEILE I O.N.;159,0;7945,53
2018-05;LU0480132876;UBS-ETF-UBS-ETF MSCI E.M.U ETF - INHABER-ANTEILE A O.N.;203,0;18337,26
2018-05;DE000A0F5UK5;iShares STOXX Basic Resources Europe 600 (DE);118,0;0,0
2018-05;DE000A0Q4R02;X_iShares STOXX Utilities Europe 600 (DE);0,0;-2708,16
2018-06;LU0360863863;ARERO - DER WELTFONDS - INHABER-ANTEILE O.N.;292,0;54129,21
2018-06;LU0446734369;x_UBS ETF - MSCI EMU VALUE UCITS ETF;76,0;0,0
2018-06;IE00BJ0KDR00;ETF XTR.(IE) USA;345,0;19804,82
2018-06;IE00BKWQ0M75;SSGA S.ETF E.II-M.EUROP.SM.CAP - REGISTERED SHARES O.N.;49,0;11290,67
2018-06;IE00BQN1K901;ISHSIV-EDGE MSCI EU.VA.F.U.ETF;1644,0;9975,79
2018-06;DE000A1CXBV8;X_FS LONG.DATED.ALL COMM.GO U. - BEARER SHARES (DT. ZERT.) O;650,0;7633,88
2018-06;LU0392495023;X_COMSTA.-MSCI PACIFIC TRN U.ETF - INHABER-ANTEILE I O.N.;159,0;7945,53
2018-06;LU0480132876;UBS-ETF-UBS-ETF MSCI E.M.U ETF - INHABER-ANTEILE A O.N.;203,0;18337,26
2018-06;DE000A0F5UK5;iShares STOXX Basic Resources Europe 600 (DE);118,0;0,0
2018-06;DE000A0Q4R02;X_iShares STOXX Utilities Europe 600 (DE);0,0;-2708,16
2018-07;LU0360863863;ARERO - DER WELTFONDS - INHABER-ANTEILE O.N.;292,0;54129,21
2018-07;LU0446734369;x_UBS ETF - MSCI EMU VALUE UCITS ETF;76,0;0,0
2018-07;IE00BJ0KDR00;ETF XTR.(IE) USA;345,0;19804,82
2018-07;IE00BKWQ0M75;SSGA S.ETF E.II-M.EUROP.SM.CAP - REGISTERED SHARES O.N.;49,0;11290,67
2018-07;IE00BQN1K901;ISHSIV-EDGE MSCI EU.VA.F.U.ETF;1644,0;9975,79
2018-07;DE000A1CXBV8;X_FS LONG.DATED.ALL COMM.GO U. - BEARER SHARES (DT. ZERT.) O;650,0;7633,88
2018-07;LU0392495023;X_COMSTA.-MSCI PACIFIC TRN U.ETF - INHABER-ANTEILE I O.N.;159,0;7945,53
2018-07;LU0480132876;UBS-ETF-UBS-ETF MSCI E.M.U ETF - INHABER-ANTEILE A O.N.;203,0;18337,26
2018-07;DE000A0F5UK5;iShares STOXX Basic Resources Europe 600 (DE);118,0;0,0
2018-07;DE000A0Q4R02;X_iShares STOXX Utilities Europe 600 (DE);0,0;-2708,16
2018-08;LU0360863863;ARERO - DER WELTFONDS - INHABER-ANTEILE O.N.;292,0;54129,21
2018-08;LU0446734369;x_UBS ETF - MSCI EMU VALUE UCITS ETF;76,0;0,0
2018-08;IE00BJ0KDR00;ETF XTR.(IE) USA;345,0;19804,82
2018-08;IE00BKWQ0M75;SSGA S.ETF E.II-M.EUROP.SM.CAP - REGISTERED SHARES O.N.;49,0;11290,67
2018-08;IE00BQN1K901;ISHSIV-EDGE MSCI EU.VA.F.U.ETF;1644,0;9975,79
2018-08;DE000A1CXBV8;X_FS LONG.DATED.ALL COMM.GO U. - BEARER SHARES (DT. ZERT.) O;650,0;7633,88
2018-08;LU0392495023;X_COMSTA.-MSCI PACIFIC TRN U.ETF - INHABER-ANTEILE I O.N.;159,0;7945,53
2018-08;LU0480132876;UBS-ETF-UBS-ETF MSCI E.M.U ETF - INHABER-ANTEILE A O.N.;203,0;18337,26
2018-08;DE000A0F5UK5;iShares STOXX Basic Resources Europe 600 (DE);118,0;0,0
2018-08;DE000A0Q4R02;X_iShares STOXX Utilities Europe 600 (DE);0,0;-2708,16
2018-09;LU0360863863;ARERO - DER WELTFONDS - INHABER-ANTEILE O.N.;333,0;62082,8
2018-09;LU0446734369;x_UBS ETF - MSCI EMU VALUE UCITS ETF;0,0;-3106,88
2018-09;IE00BJ0KDR00;ETF XTR.(IE) USA;345,0;19804,82
2018-09;IE00BKWQ0M75;SSGA S.ETF E.II-M.EUROP.SM.CAP - REGISTERED SHARES O.N.;49,0;11290,67
2018-09;IE00BQN1K901;ISHSIV-EDGE MSCI EU.VA.F.U.ETF;2192,0;13193,65
2018-09;DE000A1CXBV8;X_FS LONG.DATED.ALL COMM.GO U. - BEARER SHARES (DT. ZERT.) O;748,0;8829,19
2018-09;LU0322253906;ETF XTR.MSCI Europe Small CAP;24,0;1077,6
2018-09;LU0392495023;X_COMSTA.-MSCI PACIFIC TRN U.ETF - INHABER-ANTEILE I O.N.;182,0;9143,83
2018-09;LU0480132876;UBS-ETF-UBS-ETF MSCI E.M.U ETF - INHABER-ANTEILE A O.N.;257,0;23073,6
2018-09;DE000A0F5UK5;iShares STOXX Basic Resources Europe 600 (DE);118,0;0,0
2018-09;DE000A0Q4R02;X_iShares STOXX Utilities Europe 600 (DE);0,0;-2708,16
2018-10;LU0360863863;ARERO - DER WELTFONDS - INHABER-ANTEILE O.N.;333,0;62082,8
2018-10;LU0446734369;x_UBS ETF - MSCI EMU VALUE UCITS ETF;0,0;-3106,88
2018-10;IE00BJ0KDR00;ETF XTR.(IE) USA;345,0;19804,82
2018-10;IE00BKWQ0M75;SSGA S.ETF E.II-M.EUROP.SM.CAP - REGISTERED SHARES O.N.;49,0;11290,67
2018-10;IE00BQN1K901;ISHSIV-EDGE MSCI EU.VA.F.U.ETF;2192,0;13193,65
2018-10;DE000A1CXBV8;X_FS LONG.DATED.ALL COMM.GO U. - BEARER SHARES (DT. ZERT.) O;748,0;8829,19
2018-10;LU0322253906;ETF XTR.MSCI Europe Small CAP;24,0;1077,6
2018-10;LU0392495023;X_COMSTA.-MSCI PACIFIC TRN U.ETF - INHABER-ANTEILE I O.N.;182,0;9143,83
2018-10;LU0480132876;UBS-ETF-UBS-ETF MSCI E.M.U ETF - INHABER-ANTEILE A O.N.;257,0;23073,6
2018-10;DE000A0F5UK5;iShares STOXX Basic Resources Europe 600 (DE);118,0;0,0
2018-10;DE000A0Q4R02;X_iShares STOXX Utilities Europe 600 (DE);0,0;-2708,16
2018-11;LU0360863863;ARERO - DER WELTFONDS - INHABER-ANTEILE O.N.;333,0;62082,8
2018-11;LU0446734369;x_UBS ETF - MSCI EMU VALUE UCITS ETF;0,0;-3106,88
2018-11;IE00BJ0KDR00;ETF XTR.(IE) USA;345,0;19804,82
2018-11;IE00BKWQ0M75;SSGA S.ETF E.II-M.EUROP.SM.CAP - REGISTERED SHARES O.N.;49,0;11290,67
2018-11;IE00BQN1K901;ISHSIV-EDGE MSCI EU.VA.F.U.ETF;2192,0;13193,65
2018-11;DE000A1CXBV8;X_FS LONG.DATED.ALL COMM.GO U. - BEARER SHARES (DT. ZERT.) O;748,0;8829,19
2018-11;LU0322253906;ETF XTR.MSCI Europe Small CAP;24,0;1077,6
2018-11;LU0392495023;X_COMSTA.-MSCI PACIFIC TRN U.ETF - INHABER-ANTEILE I O.N.;182,0;9143,83
2018-11;LU0480132876;UBS-ETF-UBS-ETF MSCI E.M.U ETF - INHABER-ANTEILE A O.N.;257,0;23073,6
2018-11;DE000A0F5UK5;iShares STOXX Basic Resources Europe 600 (DE);118,0;0,0
2018-11;DE000A0Q4R02;X_iShares STOXX Utilities Europe 600 (DE);0,0;-2708,16
2018-12;LU0360863863;ARERO - DER WELTFONDS - INHABER-ANTEILE O.N.;333,0;62082,8
2018-12;LU0446734369;x_UBS ETF - MSCI EMU VALUE UCITS ETF;0,0;-3106,88
2018-12;IE00BJ0KDR00;ETF XTR.(IE) USA;345,0;19804,82
2018-12;IE00BKWQ0M75;SSGA S.ETF E.II-M.EUROP.SM.CAP - REGISTERED SHARES O.N.;0,0;0,0
2018-12;IE00BQN1K901;ISHSIV-EDGE MSCI EU.VA.F.U.ETF;2192,0;13193,65
2018-12;DE000A1CXBV8;X_FS LONG.DATED.ALL COMM.GO U. - BEARER SHARES (DT. ZERT.) O;748,0;8829,19
2018-12;LU0322253906;ETF XTR.MSCI Europe Small CAP;307,0;12260,35
2018-12;LU0392495023;X_COMSTA.-MSCI PACIFIC TRN U.ETF - INHABER-ANTEILE I O.N.;182,0;9143,83
2018-12;LU0480132876;UBS-ETF-UBS-ETF MSCI E.M.U ETF - INHABER-ANTEILE A O.N.;257,0;23073,6
2018-12;DE000A0F5UK5;iShares STOXX Basic Resources Europe 600 (DE);118,0;0,0
2018-12;DE000A0Q4R02;X_iShares STOXX Utilities Europe 600 (DE);0,0;-2708,16
2019-01;LU0360863863;ARERO - DER WELTFONDS - INHABER-ANTEILE O.N.;333,0;62082,8
2019-01;LU0446734369;x_UBS ETF - MSCI EMU VALUE UCITS ETF;0,0;-3106,88
2019-01;IE00BJ0KDR00;ETF XTR.(IE) USA;345,0;19804,82
2019-01;IE00BKWQ0M75;SSGA S.ETF E.II-M.EUROP.SM.CAP - REGISTERED SHARES O.N.;0,0;0,0
2019-01;IE00BQN1K901;ISHSIV-EDGE MSCI EU.VA.F.U.ETF;2192,0;13193,65
2019-01;DE000A1CXBV8;X_FS LONG.DATED.ALL COMM.GO U. - BEARER SHARES (DT. ZERT.) O;748,0;8829,19
2019-01;LU0322253906;ETF XTR.MSCI Europe Small CAP;307,0;12260,35
2019-01;LU0392495023;X_COMSTA.-MSCI PACIFIC TRN U.ETF - INHABER-ANTEILE I O.N.;182,0;9143,83
2019-01;LU0480132876;UBS-ETF-UBS-ETF MSCI E.M.U ETF - INHABER-ANTEILE A O.N.;257,0;23073,6
2019-01;DE000A0F5UK5;iShares STOXX Basic Resources Europe 600 (DE);118,0;0,0
2019-01;DE000A0Q4R02;X_iShares STOXX Utilities Europe 600 (DE);0,0;-2708,16
2019-02;LU0360863863;ARERO - DER WELTFONDS - INHABER-ANTEILE O.N.;333,0;62082,8
2019-02;LU0446734369;x_UBS ETF - MSCI EMU VALUE UCITS ETF;0,0;-3106,88
2019-02;IE00BJ0KDR00;ETF XTR.(IE) USA;345,0;19804,82
2019-02;IE00BKWQ0M75;SSGA S.ETF E.II-M.EUROP.SM.CAP - REGISTERED SHARES O.N.;0,0;0,0
2019-02;IE00BQN1K901;ISHSIV-EDGE MSCI EU.VA.F.U.ETF;2192,0;13193,65
2019-02;DE000A1CXBV8;X_FS LONG.DATED.ALL COMM.GO U. - BEARER SHARES (DT. ZERT.) O;748,0;8829,19
2019-02;LU0322253906;ETF XTR.MSCI Europe Small CAP;307,0;12260,35
2019-02;LU0392495023;X_COMSTA.-MSCI PACIFIC TRN U.ETF - INHABER-ANTEILE I O.N.;182,0;9143,83
2019-02;LU0480132876;UBS-ETF-UBS-ETF MSCI E.M.U ETF - INHABER-ANTEILE A O.N.;257,0;23073,6
2019-02;DE000A0F5UK5;iShares STOXX Basic Resources Europe 600 (DE);118,0;0,0
2019-02;DE000A0Q4R02;X_iShares STOXX Utilities Europe 600 (DE);0,0;-2708,16
2019-03;LU0360863863;ARERO - DER WELTFONDS - INHABER-ANTEILE O.N.;333,0;62082,8
2019-03;LU0446734369;x_UBS ETF - MSCI EMU VALUE UCITS ETF;0,0;-3106,88
2019-03;IE00BJ0KDR00;ETF XTR.(IE) USA;345,0;19804,82
2019-03;IE00BKWQ0M75;SSGA S.ETF E.II-M.EUROP.SM.CAP - REGISTERED SHARES O.N.;0,0;0,0
2019-03;IE00BQN1K901;ISHSIV-EDGE MSCI EU.VA.F.U.ETF;2192,0;13193,65
2019-03;DE000A1CXBV8;X_FS LONG.DATED.ALL COMM.GO U. - BEARER SHARES (DT. ZERT.) O;748,0;8829,19
2019-03;LU0322253906;ETF XTR.MSCI Europe Small CAP;307,0;12260,35
2019-03;LU0392495023;X_COMSTA.-MSCI PACIFIC TRN U.ETF - INHABER-ANTEILE I O.N.;182,0;9143,83
2019-03;LU0480132876;UBS-ETF-UBS-ETF MSCI E.M.U ETF - INHABER-ANTEILE A O.N.;257,0;23073,6
2019-03;DE000A0F5UK5;iShares STOXX Basic Resources Europe 600 (DE);118,0;0,0
2019-03;DE000A0Q4R02;X_iShares STOXX Utilities Europe 600 (DE);0,0;-2708,16
2019-04;LU0360863863;ARERO - DER WELTFONDS - INHABER-ANTEILE O.N.;355,0;66563,1
2019-04;LU0446734369;x_UBS ETF - MSCI EMU VALUE UCITS ETF;0,0;-3106,88
2019-04;IE00BJ0KDR00;ETF XTR.(IE) USA;372,0;21708,32
2019-04;IE00BKWQ0M75;SSGA S.ETF E.II-M.EUROP.SM.CAP - REGISTERED SHARES O.N.;0,0;0,0
2019-04;IE00BQN1K901;ISHSIV-EDGE MSCI EU.VA.F.U.ETF;2410,0;14496,85
2019-04;DE000A1CXBV8;X_FS LONG.DATED.ALL COMM.GO U. - BEARER SHARES (DT. ZERT.) O;805,0;9548,64
2019-04;LU0322253906;ETF XTR.MSCI Europe Small CAP;328,0;13188,13
2019-04;LU0392495023;X_COMSTA.-MSCI PACIFIC TRN U.ETF - INHABER-ANTEILE I O.N.;201,0;10151,4
2019-04;LU0480132876;UBS-ETF-UBS-ETF MSCI E.M.U ETF - INHABER-ANTEILE A O.N.;263,0;23648,22
2019-04;DE000A0F5UK5;iShares STOXX Basic Resources Europe 600 (DE);118,0;0,0
2019-04;DE000A0Q4R02;X_iShares STOXX Utilities Europe 600 (DE);0,0;-2708,16
2019-05;LU0360863863;ARERO - DER WELTFONDS - INHABER-ANTEILE O.N.;355,0;66563,1
2019-05;LU0446734369;x_UBS ETF - MSCI EMU VALUE UCITS ETF;0,0;-3106,88
2019-05;IE00BJ0KDR00;ETF XTR.(IE) USA;372,0;21708,32
2019-05;IE00BKWQ0M75;SSGA S.ETF E.II-M.EUROP.SM.CAP - REGISTERED SHARES O.N.;0,0;0,0
2019-05;IE00BQN1K901;ISHSIV-EDGE MSCI EU.VA.F.U.ETF;2410,0;14496,85
2019-05;DE000A1CXBV8;X_FS LONG.DATED.ALL COMM.GO U. - BEARER SHARES (DT. ZERT.) O;805,0;9548,64
2019-05;LU0322253906;ETF XTR.MSCI Europe Small CAP;328,0;13188,13
2019-05;LU0392495023;X_COMSTA.-MSCI PACIFIC TRN U.ETF - INHABER-ANTEILE I O.N.;201,0;10151,4
2019-05;LU0480132876;UBS-ETF-UBS-ETF MSCI E.M.U ETF - INHABER-ANTEILE A O.N.;263,0;23648,22
2019-05;DE000A0F5UK5;iShares STOXX Basic Resources Europe 600 (DE);118,0;0,0
2019-05;DE000A0Q4R02;X_iShares STOXX Utilities Europe 600 (DE);0,0;-2708,16
2019-06;LU0360863863;ARERO - DER WELTFONDS - INHABER-ANTEILE O.N.;355,0;66563,1
2019-06;LU0446734369;x_UBS ETF - MSCI EMU VALUE UCITS ETF;0,0;-3106,88
2019-06;IE00BJ0KDR00;ETF XTR.(IE) USA;372,0;21708,32
2019-06;IE00BKWQ0M75;SSGA S.ETF E.II-M.EUROP.SM.CAP - REGISTERED SHARES O.N.;0,0;0,0
2019-06;IE00BQN1K901;ISHSIV-EDGE MSCI EU.VA.F.U.ETF;2410,0;14496,85
2019-06;DE000A1CXBV8;X_FS LONG.DATED.ALL COMM.GO U. - BEARER SHARES (DT. ZERT.) O;805,0;9548,64
2019-06;LU0322253906;ETF XTR.MSCI Europe Small CAP;328,0;13188,13
2019-06;LU0392495023;X_COMSTA.-MSCI PACIFIC TRN U.ETF - INHABER-ANTEILE I O.N.;201,0;10151,4
2019-06;LU0480132876;UBS-ETF-UBS-ETF MSCI E.M.U ETF - INHABER-ANTEILE A O.N.;263,0;23648,22
2019-06;DE000A0F5UK5;iShares STOXX Basic Resources Europe 600 (DE);118,0;0,0
2019-06;DE000A0Q4R02;X_iShares STOXX Utilities Europe 600 (DE);0,0;-2708,16
2019-07;LU0360863863;ARERO - DER WELTFONDS - INHABER-ANTEILE O.N.;355,0;66563,1
2019-07;LU0446734369;x_UBS ETF - MSCI EMU VALUE UCITS ETF;0,0;-3106,88
2019-07;IE00BJ0KDR00;ETF XTR.(IE) USA;372,0;21708,32
2019-07;IE00BKWQ0M75;SSGA S.ETF E.II-M.EUROP.SM.CAP - REGISTERED SHARES O.N.;0,0;0,0
2019-07;IE00BQN1K901;ISHSIV-EDGE MSCI EU.VA.F.U.ETF;2410,0;14496,85
2019-07;DE000A1CXBV8;X_FS LONG.DATED.ALL COMM.GO U. - BEARER SHARES (DT. ZERT.) O;805,0;9548,64
2019-07;LU0322253906;ETF XTR.MSCI Europe Small CAP;328,0;13188,13
2019-07;LU0392495023;X_COMSTA.-MSCI PACIFIC TRN U.ETF - INHABER-ANTEILE I O.N.;201,0;10151,4
2019-07;LU0480132876;UBS-ETF-UBS-ETF MSCI E.M.U ETF - INHABER-ANTEILE A O.N.;263,0;23648,22
2019-07;DE000A0F5UK5;iShares STOXX Basic Resources Europe 600 (DE);118,0;0,0
2019-07;DE000A0Q4R02;X_iShares STOXX Utilities Europe 600 (DE);0,0;-2708,16
2019-08;LU0360863863;ARERO - DER WELTFONDS - INHABER-ANTEILE O.N.;355,0;66563,1
2019-08;LU0446734369;x_UBS ETF - MSCI EMU VALUE UCITS ETF;0,0;-3106,88
2019-08;IE00BJ0KDR00;ETF XTR.(IE) USA;372,0;21708,32
2019-08;IE00BKWQ0M75;SSGA S.ETF E.II-M.EUROP.SM.CAP - REGISTERED SHARES O.N.;0,0;0,0
2019-08;IE00BQN1K901;ISHSIV-EDGE MSCI EU.VA.F.U.ETF;2410,0;14496,85
2019-08;DE000A1CXBV8;X_FS LONG.DATED.ALL COMM.GO U. - BEARER SHARES (DT. ZERT.) O;805,0;9548,64
2019-08;LU0322253906;ETF XTR.MSCI Europe Small CAP;328,0;13188,13
2019-08;LU0392495023;X_COMSTA.-MSCI PACIFIC TRN U.ETF - INHABER-ANTEILE I O.N.;201,0;10151,4
2019-08;LU0480132876;UBS-ETF-UBS-ETF MSCI E.M.U ETF - INHABER-ANTEILE A O.N.;263,0;23648,22
2019-08;DE000A0F5UK5;iShares STOXX Basic Resources Europe 600 (DE);118,0;0,0
2019-08;DE000A0Q4R02;X_iShares STOXX Utilities Europe 600 (DE);0,0;-2708,16
2019-09;LU0360863863;ARERO - DER WELTFONDS - INHABER-ANTEILE O.N.;355,0;66563,1
2019-09;LU0446734369;x_UBS ETF - MSCI EMU VALUE UCITS ETF;0,0;-3106,88
2019-09;IE00BJ0KDR00;ETF XTR.(IE) USA;372,0;21708,32
2019-09;IE00BKWQ0M75;SSGA S.ETF E.II-M.EUROP.SM.CAP - REGISTERED SHARES O.N.;0,0;0,0
2019-09;IE00BQN1K901;ISHSIV-EDGE MSCI EU.VA.F.U.ETF;2410,0;14496,85
2019-09;DE000A1CXBV8;X_FS LONG.DATED.ALL COMM.GO U. - BEARER SHARES (DT. ZERT.) O;805,0;9548,64
2019-09;LU0322253906;ETF XTR.MSCI Europe Small CAP;328,0;13188,13
2019-09;LU0392495023;X_COMSTA.-MSCI PACIFIC TRN U.ETF - INHABER-ANTEILE I O.N.;201,0;10151,4
2019-09;LU0480132876;UBS-ETF-UBS-ETF MSCI E.M.U ETF - INHABER-ANTEILE A O.N.;263,0;23648,22
2019-09;DE000A0F5UK5;iShares STOXX Basic Resources Europe 600 (DE);118,0;0,0
2019-09;DE000A0Q4R02;X_iShares STOXX Utilities Europe 600 (DE);0,0;-2708,16
2019-10;LU0360863863;ARERO - DER WELTFONDS - INHABER-ANTEILE O.N.;355,0;66563,1
2019-10;LU0446734369;x_UBS ETF - MSCI EMU VALUE UCITS ETF;0,0;-3106,88
2019-10;IE00BJ0KDR00;ETF XTR.(IE) USA;372,0;21708,32
2019-10;IE00BKWQ0M75;SSGA S.ETF E.II-M.EUROP.SM.CAP - REGISTERED SHARES O.N.;0,0;0,0
2019-10;IE00BQN1K901;ISHSIV-EDGE MSCI EU.VA.F.U.ETF;2410,0;14496,85
2019-10;DE000A1CXBV8;X_FS LONG.DATED.ALL COMM.GO U. - BEARER SHARES (DT. ZERT.) O;805,0;9548,64
2019-10;LU0322253906;ETF XTR.MSCI Europe Small CAP;328,0;13188,13
2019-10;LU0392495023;X_COMSTA.-MSCI PACIFIC TRN U.ETF - INHABER-ANTEILE I O.N.;201,0;10151,4
2019-10;LU0480132876;UBS-ETF-UBS-ETF MSCI E.M.U ETF - INHABER-ANTEILE A O.N.;263,0;23648,22
2019-10;DE000A0F5UK5;iShares STOXX Basic Resources Europe 600 (DE);118,0;0,0
2019-10;DE000A0Q4R02;X_iShares STOXX Utilities Europe 600 (DE);0,0;-2708,16
2019-11;LU0360863863;ARERO - DER WELTFONDS - INHABER-ANTEILE O.N.;382,0;72215,5
2019-11;LU0446734369;x_UBS ETF - MSCI EMU VALUE UCITS ETF;0,0;-3106,88
2019-11;IE00BJ0KDR00;ETF XTR.(IE) USA;393,0;23268,83
2019-11;IE00BKWQ0M75;SSGA S.ETF E.II-M.EUROP.SM.CAP - REGISTERED SHARES O.N.;33,0;1473,62
2019-11;IE00BQN1K901;ISHSIV-EDGE MSCI EU.VA.F.U.ETF;2695,0;16190,61
2019-11;DE000A1CXBV8;X_FS LONG.DATED.ALL COMM.GO U. - BEARER SHARES (DT. ZERT.) O;910,0;10849,28
2019-11;LU0322253906;ETF XTR.MSCI Europe Small CAP;328,0;13188,13
2019-11;LU0392495023;X_COMSTA.-MSCI PACIFIC TRN U.ETF - INHABER-ANTEILE I O.N.;217,0;11023,4
2019-11;LU0480132876;UBS-ETF-UBS-ETF MSCI E.M.U ETF - INHABER-ANTEILE A O.N.;304,0;27447,69
2019-11;DE000A0F5UK5;iShares STOXX Basic Resources Europe 600 (DE);118,0;0,0
2019-11;DE000A0Q4R02;X_iShares STOXX Utilities Europe 600 (DE);0,0;-2708,16
2019-12;LU0360863863;ARERO - DER WELTFONDS - INHABER-ANTEILE O.N.;382,0;72215,5
2019-12;LU0446734369;x_UBS ETF - MSCI EMU VALUE UCITS ETF;0,0;-3106,88
2019-12;IE00BJ0KDR00;ETF XTR.(IE) USA;393,0;23268,83
2019-12;IE00BKWQ0M75;SSGA S.ETF E.II-M.EUROP.SM.CAP - REGISTERED SHARES O.N.;0,0;1473,62
2019-12;IE00BQN1K901;ISHSIV-EDGE MSCI EU.VA.F.U.ETF;2695,0;16190,61
2019-12;DE000A1CXBV8;X_FS LONG.DATED.ALL COMM.GO U. - BEARER SHARES (DT. ZERT.) O;910,0;10849,28
2019-12;LU0322253906;ETF XTR.MSCI Europe Small CAP;361,0;13188,13
2019-12;LU0392495023;X_COMSTA.-MSCI PACIFIC TRN U.ETF - INHABER-ANTEILE I O.N.;217,0;11023,4
2019-12;LU0480132876;UBS-ETF-UBS-ETF MSCI E.M.U ETF - INHABER-ANTEILE A O.N.;304,0;27447,69
2019-12;DE000A0F5UK5;iShares STOXX Basic Resources Europe 600 (DE);118,0;0,0
2019-12;DE000A0Q4R02;X_iShares STOXX Utilities Europe 600 (DE);0,0;-2708,16
2020-01;LU0360863863;ARERO - DER WELTFONDS - INHABER-ANTEILE O.N.;382,0;72215,5
2020-01;LU0446734369;x_UBS ETF - MSCI EMU VALUE UCITS ETF;0,0;-3106,88
2020-01;IE00BJ0KDR00;ETF XTR.(IE) USA;393,0;23268,83
2020-01;IE00BKWQ0M75;SSGA S.ETF E.II-M.EUROP.SM.CAP - REGISTERED SHARES O.N.;0,0;1473,62
2020-01;IE00BQN1K901;ISHSIV-EDGE MSCI EU.VA.F.U.ETF;2695,0;16190,61
2020-01;DE000A1CXBV8;X_FS LONG.DATED.ALL COMM.GO U. - BEARER SHARES (DT. ZERT.) O;910,0;10849,28
2020-01;LU0322253906;ETF XTR.MSCI Europe Small CAP;361,0;13188,13
2020-01;LU0392495023;X_COMSTA.-MSCI PACIFIC TRN U.ETF - INHABER-ANTEILE I O.N.;217,0;11023,4
2020-01;LU0480132876;UBS-ETF-UBS-ETF MSCI E.M.U ETF - INHABER-ANTEILE A O.N.;304,0;27447,69
2020-01;DE000A0F5UK5;iShares STOXX Basic Resources Europe 600 (DE);118,0;0,0
2020-01;DE000A0Q4R02;X_iShares STOXX Utilities Europe 600 (DE);0,0;-2708,16
2020-02;LU0360863863;ARERO - DER WELTFONDS - INHABER-ANTEILE O.N.;382,0;72215,5
2020-02;LU0446734369;x_UBS ETF - MSCI EMU VALUE UCITS ETF;0,0;-3106,88
2020-02;IE00BJ0KDR00;ETF XTR.(IE) USA;393,0;23268,83
2020-02;IE00BKWQ0M75;SSGA S.ETF E.II-M.EUROP.SM.CAP - REGISTERED SHARES O.N.;0,0;1473,62
2020-02;IE00BQN1K901;ISHSIV-EDGE MSCI EU.VA.F.U.ETF;2695,0;16190,61
2020-02;DE000A1CXBV8;X_FS LONG.DATED.ALL COMM.GO U. - BEARER SHARES (DT. ZERT.) O;910,0;10849,28
2020-02;LU0322253906;ETF XTR.MSCI Europe Small CAP;361,0;13188,13
2020-02;LU0392495023;X_COMSTA.-MSCI PACIFIC TRN U.ETF - INHABER-ANTEILE I O.N.;217,0;11023,4
2020-02;LU0480132876;UBS-ETF-UBS-ETF MSCI E.M.U ETF - INHABER-ANTEILE A O.N.;304,0;27447,69
2020-02;DE000A0F5UK5;iShares STOXX Basic Resources Europe 600 (DE);118,0;0,0
2020-02;DE000A0Q4R02;X_iShares STOXX Utilities Europe 600 (DE);0,0;-2708,16
2020-03;LU0360863863;ARERO - DER WELTFONDS - INHABER-ANTEILE O.N.;404,0;76718,68
2020-03;LU0446734369;x_UBS ETF - MSCI EMU VALUE UCITS ETF;0,0;-3106,88
2020-03;IE00BJ0KDR00;ETF XTR.(IE) USA;403,0;24013,27
2020-03;IE00BKWQ0M75;SSGA S.ETF E.II-M.EUROP.SM.CAP - REGISTERED SHARES O.N.;0,0;1473,62
2020-03;IE00BQN1K901;ISHSIV-EDGE MSCI EU.VA.F.U.ETF;2919,0;17441,87
2020-03;DE000A1CXBV8;X_FS LONG.DATED.ALL COMM.GO U. - BEARER SHARES (DT. ZERT.) O;991,0;11791,31
2020-03;LU0322253906;ETF XTR.MSCI Europe Small CAP;361,0;13188,13
2020-03;LU0392495023;X_COMSTA.-MSCI PACIFIC TRN U.ETF - INHABER-ANTEILE I O.N.;237,0;12040,6
2020-03;LU0480132876;UBS-ETF-UBS-ETF MSCI E.M.U ETF - INHABER-ANTEILE A O.N.;318,0;28726,24
2020-03;DE000A0F5UK5;iShares STOXX Basic Resources Europe 600 (DE);118,0;0,0
2020-03;DE000A0Q4R02;X_iShares STOXX Utilities Europe 600 (DE);0,0;-2708,16
2020-04;IE00B4WPHX27;L&G-L&G L.Dated all Comm U.ETF;991,0;0,0
2020-04;LU0360863863;ARERO - DER WELTFONDS - INHABER-ANTEILE O.N.;404,0;76718,68
2020-04;LU0446734369;x_UBS ETF - MSCI EMU VALUE UCITS ETF;0,0;-3106,88
2020-04;IE00BJ0KDR00;ETF XTR.(IE) USA;403,0;24013,27
2020-04;IE00BKWQ0M75;SSGA S.ETF E.II-M.EUROP.SM.CAP - REGISTERED SHARES O.N.;0,0;1473,62
2020-04;IE00BQN1K901;ISHSIV-EDGE MSCI EU.VA.F.U.ETF;2919,0;17441,87
2020-04;DE000A1CXBV8;X_FS LONG.DATED.ALL COMM.GO U. - BEARER SHARES (DT. ZERT.) O;0,0;11791,31
2020-04;LU0322253906;ETF XTR.MSCI Europe Small CAP;361,0;13188,13
2020-04;LU0392495023;X_COMSTA.-MSCI PACIFIC TRN U.ETF - INHABER-ANTEILE I O.N.;237,0;12040,6
2020-04;LU0480132876;UBS-ETF-UBS-ETF MSCI E.M.U ETF - INHABER-ANTEILE A O.N.;318,0;28726,24
2020-04;DE000A0F5UK5;iShares STOXX Basic Resources Europe 600 (DE);118,0;0,0
2020-04;DE000A0Q4R02;X_iShares STOXX Utilities Europe 600 (DE);0,0;-2708,16
2020-05;IE00B4WPHX27;L&G-L&G L.Dated all Comm U.ETF;1072,0;877,8
2020-05;LU0360863863;ARERO - DER WELTFONDS - INHABER-ANTEILE O.N.;423,0;80397,31
2020-05;LU0446734369;x_UBS ETF - MSCI EMU VALUE UCITS ETF;0,0;-3106,88
2020-05;IE00BJ0KDR00;ETF XTR.(IE) USA;403,0;24013,27
2020-05;IE00BKWQ0M75;SSGA S.ETF E.II-M.EUROP.SM.CAP - REGISTERED SHARES O.N.;0,0;1473,62
2020-05;IE00BQN1K901;ISHSIV-EDGE MSCI EU.VA.F.U.ETF;3459,0;19985,0
2020-05;DE000A1CXBV8;X_FS LONG.DATED.ALL COMM.GO U. - BEARER SHARES (DT. ZERT.) O;0,0;11791,31
2020-05;LU0322253906;ETF XTR.MSCI Europe Small CAP;432,0;15888,97
2020-05;LU0392495023;X_COMSTA.-MSCI PACIFIC TRN U.ETF - INHABER-ANTEILE I O.N.;237,0;12040,6
2020-05;LU0480132876;UBS-ETF-UBS-ETF MSCI E.M.U ETF - INHABER-ANTEILE A O.N.;347,0;31112,07
2020-05;DE000A0F5UK5;iShares STOXX Basic Resources Europe 600 (DE);118,0;0,0
2020-05;DE000A0Q4R02;X_iShares STOXX Utilities Europe 600 (DE);0,0;-2708,16
2020-06;IE00B4WPHX27;L&G-L&G L.Dated all Comm U.ETF;1072,0;877,8
2020-06;LU0360863863;ARERO - DER WELTFONDS - INHABER-ANTEILE O.N.;423,0;80397,31
2020-06;LU0446734369;x_UBS ETF - MSCI EMU VALUE UCITS ETF;0,0;-3106,88
2020-06;IE00BJ0KDR00;ETF XTR.(IE) USA;403,0;24013,27
2020-06;IE00BKWQ0M75;SSGA S.ETF E.II-M.EUROP.SM.CAP - REGISTERED SHARES O.N.;0,0;1473,62
2020-06;IE00BQN1K901;ISHSIV-EDGE MSCI EU.VA.F.U.ETF;3459,0;19985,0
2020-06;DE000A1CXBV8;X_FS LONG.DATED.ALL COMM.GO U. - BEARER SHARES (DT. ZERT.) O;0,0;11791,31
2020-06;LU0322253906;ETF XTR.MSCI Europe Small CAP;432,0;15888,97
2020-06;LU0392495023;X_COMSTA.-MSCI PACIFIC TRN U.ETF - INHABER-ANTEILE I O.N.;237,0;12040,6
2020-06;LU0480132876;UBS-ETF-UBS-ETF MSCI E.M.U ETF - INHABER-ANTEILE A O.N.;347,0;31112,07
2020-06;DE000A0F5UK5;iShares STOXX Basic Resources Europe 600 (DE);118,0;0,0
2020-06;DE000A0Q4R02;X_iShares STOXX Utilities Europe 600 (DE);0,0;-2708,16
2020-07;IE00B4WPHX27;L&G-L&G L.Dated all Comm U.ETF;1072,0;877,8
2020-07;LU0360863863;ARERO - DER WELTFONDS - INHABER-ANTEILE O.N.;423,0;80397,31
2020-07;LU0446734369;x_UBS ETF - MSCI EMU VALUE UCITS ETF;0,0;-3106,88
2020-07;IE00BJ0KDR00;ETF XTR.(IE) USA;403,0;24013,27
2020-07;IE00BKWQ0M75;SSGA S.ETF E.II-M.EUROP.SM.CAP - REGISTERED SHARES O.N.;0,0;1473,62
2020-07;IE00BQN1K901;ISHSIV-EDGE MSCI EU.VA.F.U.ETF;3459,0;19985,0
2020-07;DE000A1CXBV8;X_FS LONG.DATED.ALL COMM.GO U. - BEARER SHARES (DT. ZERT.) O;0,0;11791,31
2020-07;LU0322253906;ETF XTR.MSCI Europe Small CAP;432,0;15888,97
2020-07;LU0392495023;X_COMSTA.-MSCI PACIFIC TRN U.ETF - INHABER-ANTEILE I O.N.;237,0;12040,6
2020-07;LU0480132876;UBS-ETF-UBS-ETF MSCI E.M.U ETF - INHABER-ANTEILE A O.N.;347,0;31112,07
2020-07;DE000A0F5UK5;iShares STOXX Basic Resources Europe 600 (DE);118,0;0,0
2020-07;DE000A0Q4R02;X_iShares STOXX Utilities Europe 600 (DE);0,0;-2708,16
2020-08;IE00B4WPHX27;L&G-L&G L.Dated all Comm U.ETF;1072,0;877,8
2020-08;LU0360863863;ARERO - DER WELTFONDS - INHABER-ANTEILE O.N.;423,0;80397,31
2020-08;LU0446734369;x_UBS ETF - MSCI EMU VALUE UCITS ETF;0,0;-3106,88
2020-08;IE00BJ0KDR00;ETF XTR.(IE) USA;403,0;24013,27
2020-08;IE00BKWQ0M75;SSGA S.ETF E.II-M.EUROP.SM.CAP - REGISTERED SHARES O.N.;0,0;1473,62
2020-08;IE00BQN1K901;ISHSIV-EDGE MSCI EU.VA.F.U.ETF;3459,0;19985,0
2020-08;DE000A1CXBV8;X_FS LONG.DATED.ALL COMM.GO U. - BEARER SHARES (DT. ZERT.) O;0,0;11791,31
2020-08;LU0322253906;ETF XTR.MSCI Europe Small CAP;432,0;15888,97
2020-08;LU0392495023;X_COMSTA.-MSCI PACIFIC TRN U.ETF - INHABER-ANTEILE I O.N.;237,0;12040,6
2020-08;LU0480132876;UBS-ETF-UBS-ETF MSCI E.M.U ETF - INHABER-ANTEILE A O.N.;347,0;31112,07
2020-08;DE000A0F5UK5;iShares STOXX Basic Resources Europe 600 (DE);118,0;0,0
2020-08;DE000A0Q4R02;X_iShares STOXX Utilities Europe 600 (DE);0,0;-2708,16
2020-09;IE00B4WPHX27;L&G-L&G L.Dated all Comm U.ETF;1176,0;2060,18
2020-09;LU0360863863;ARERO - DER WELTFONDS - INHABER-ANTEILE O.N.;463,0;88645,31
2020-09;LU0446734369;x_UBS ETF - MSCI EMU VALUE UCITS ETF;0,0;-3106,88
2020-09;IE00BJ0KDR00;ETF XTR.(IE) USA;439,0;26835,45
2020-09;IE00BKWQ0M75;SSGA S.ETF E.II-M.EUROP.SM.CAP - REGISTERED SHARES O.N.;0,0;1473,62
2020-09;IE00BQN1K901;ISHSIV-EDGE MSCI EU.VA.F.U.ETF;3872,0;21997,55
2020-09;DE000A1CXBV8;X_FS LONG.DATED.ALL COMM.GO U. - BEARER SHARES (DT. ZERT.) O;0,0;11791,31
2020-09;LU0322253906;ETF XTR.MSCI Europe Small CAP;446,0;16485,65
2020-09;LU0392495023;X_COMSTA.-MSCI PACIFIC TRN U.ETF - INHABER-ANTEILE I O.N.;282,0;14279,13
2020-09;LU0480132876;UBS-ETF-UBS-ETF MSCI E.M.U ETF - INHABER-ANTEILE A O.N.;363,0;32571,99
2020-09;DE000A0F5UK5;iShares STOXX Basic Resources Europe 600 (DE);118,0;0,0
2020-09;DE000A0Q4R02;X_iShares STOXX Utilities Europe 600 (DE);0,0;-2708,16
2020-10;IE00B4WPHX27;L&G-L&G L.Dated all Comm U.ETF;1544,0;6352,9
2020-10;LU0360863863;ARERO - DER WELTFONDS - INHABER-ANTEILE O.N.;607,0;119410,33
2020-10;LU0446734369;x_UBS ETF - MSCI EMU VALUE UCITS ETF;0,0;-3106,88
2020-10;IE00BJ0KDR00;ETF XTR.(IE) USA;572,0;37984,84
2020-10;IE00BKWQ0M75;SSGA S.ETF E.II-M.EUROP.SM.CAP - REGISTERED SHARES O.N.;0,0;1473,62
2020-10;IE00BQN1K901;ISHSIV-EDGE MSCI EU.VA.F.U.ETF;5094,0;28118,55
2020-10;DE000A1CXBV8;X_FS LONG.DATED.ALL COMM.GO U. - BEARER SHARES (DT. ZERT.) O;0,0;11791,31
2020-10;LU0322253906;ETF XTR.MSCI Europe Small CAP;584,0;22656,32
2020-10;LU0392495023;X_COMSTA.-MSCI PACIFIC TRN U.ETF - INHABER-ANTEILE I O.N.;370,0;18753,93
2020-10;LU0480132876;UBS-ETF-UBS-ETF MSCI E.M.U ETF - INHABER-ANTEILE A O.N.;476,0;43334,68
2020-10;DE000A0F5UK5;iShares STOXX Basic Resources Europe 600 (DE);118,0;0,0
2020-10;DE000A0Q4R02;X_iShares STOXX Utilities Europe 600 (DE);0,0;-2708,16
2020-11;IE00B4WPHX27;L&G-L&G L.Dated all Comm U.ETF;1544,0;6352,9
2020-11;LU0360863863;ARERO - DER WELTFONDS - INHABER-ANTEILE O.N.;607,0;119410,33
2020-11;LU0446734369;x_UBS ETF - MSCI EMU VALUE UCITS ETF;0,0;-3106,88
2020-11;IE00BJ0KDR00;ETF XTR.(IE) USA;572,0;37984,84
2020-11;IE00BKWQ0M75;SSGA S.ETF E.II-M.EUROP.SM.CAP - REGISTERED SHARES O.N.;0,0;1473,62
2020-11;IE00BQN1K901;ISHSIV-EDGE MSCI EU.VA.F.U.ETF;5094,0;28118,55
2020-11;DE000A1CXBV8;X_FS LONG.DATED.ALL COMM.GO U. - BEARER SHARES (DT. ZERT.) O;0,0;11791,31
2020-11;LU0322253906;ETF XTR.MSCI Europe Small CAP;584,0;22656,32
2020-11;LU0392495023;X_COMSTA.-MSCI PACIFIC TRN U.ETF - INHABER-ANTEILE I O.N.;370,0;18753,93
2020-11;LU0480132876;UBS-ETF-UBS-ETF MSCI E.M.U ETF - INHABER-ANTEILE A O.N.;476,0;43334,68
2020-11;DE000A0F5UK5;iShares STOXX Basic Resources Europe 600 (DE);118,0;0,0
2020-11;DE000A0Q4R02;X_iShares STOXX Utilities Europe 600 (DE);0,0;-2708,16
2020-12;IE00B4WPHX27;L&G-L&G L.Dated all Comm U.ETF;1544,0;6352,9
2020-12;LU0360863863;ARERO - DER WELTFONDS - INHABER-ANTEILE O.N.;607,0;119410,33
2020-12;LU0446734369;x_UBS ETF - MSCI EMU VALUE UCITS ETF;0,0;-3106,88
2020-12;IE00BJ0KDR00;ETF XTR.(IE) USA;572,0;37984,84
2020-12;IE00BKWQ0M75;SSGA S.ETF E.II-M.EUROP.SM.CAP - REGISTERED SHARES O.N.;0,0;1473,62
2020-12;IE00BQN1K901;ISHSIV-EDGE MSCI EU.VA.F.U.ETF;5094,0;28118,55
2020-12;DE000A1CXBV8;X_FS LONG.DATED.ALL COMM.GO U. - BEARER SHARES (DT. ZERT.) O;0,0;11791,31
2020-12;LU0322253906;ETF XTR.MSCI Europe Small CAP;584,0;22656,32
2020-12;LU0392495023;X_COMSTA.-MSCI PACIFIC TRN U.ETF - INHABER-ANTEILE I O.N.;370,0;18753,93
2020-12;LU0480132876;UBS-ETF-UBS-ETF MSCI E.M.U ETF - INHABER-ANTEILE A O.N.;476,0;43334,68
2020-12;DE000A0F5UK5;iShares STOXX Basic Resources Europe 600 (DE);118,0;0,0
2020-12;DE000A0Q4R02;X_iShares STOXX Utilities Europe 600 (DE);0,0;-2708,16
2021-01;IE00B4WPHX27;L&G-L&G L.Dated all Comm U.ETF;1544,0;6352,9
2021-01;LU0360863863;ARERO - DER WELTFONDS - INHABER-ANTEILE O.N.;607,0;119410,33
2021-01;LU0446734369;x_UBS ETF - MSCI EMU VALUE UCITS ETF;0,0;-3106,88
2021-01;IE00BJ0KDR00;ETF XTR.(IE) USA;572,0;37984,84
2021-01;IE00BKWQ0M75;SSGA S.ETF E.II-M.EUROP.SM.CAP - REGISTERED SHARES O.N.;0,0;1473,62
2021-01;IE00BQN1K901;ISHSIV-EDGE MSCI EU.VA.F.U.ETF;5094,0;28118,55
2021-01;DE000A1CXBV8;X_FS LONG.DATED.ALL COMM.GO U. - BEARER SHARES (DT. ZERT.) O;0,0;11791,31
2021-01;LU0322253906;ETF XTR.MSCI Europe Small CAP;584,0;22656,32
2021-01;LU0392495023;X_COMSTA.-MSCI PACIFIC TRN U.ETF - INHABER-ANTEILE I O.N.;370,0;18753,93
2021-01;LU0480132876;UBS-ETF-UBS-ETF MSCI E.M.U ETF - INHABER-ANTEILE A O.N.;476,0;43334,68
2021-01;DE000A0F5UK5;iShares STOXX Basic Resources Europe 600 (DE);118,0;0,0
2021-01;DE000A0Q4R02;X_iShares STOXX Utilities Europe 600 (DE);0,0;-2708,16
2021-02;IE00B4WPHX27;L&G-L&G L.Dated all Comm U.ETF;1544,0;6352,9
2021-02;LU0360863863;ARERO - DER WELTFONDS - INHABER-ANTEILE O.N.;607,0;119410,33
2021-02;LU0446734369;x_UBS ETF - MSCI EMU VALUE UCITS ETF;0,0;-3106,88
2021-02;IE00BJ0KDR00;ETF XTR.(IE) USA;572,0;37984,84
2021-02;IE00BKWQ0M75;SSGA S.ETF E.II-M.EUROP.SM.CAP - REGISTERED SHARES O.N.;0,0;1473,62
2021-02;IE00BQN1K901;ISHSIV-EDGE MSCI EU.VA.F.U.ETF;5094,0;28118,55
2021-02;DE000A1CXBV8;X_FS LONG.DATED.ALL COMM.GO U. - BEARER SHARES (DT. ZERT.) O;0,0;11791,31
2021-02;LU0322253906;ETF XTR.MSCI Europe Small CAP;584,0;22656,32
2021-02;LU0392495023;X_COMSTA.-MSCI PACIFIC TRN U.ETF - INHABER-ANTEILE I O.N.;370,0;18753,93
2021-02;LU0480132876;UBS-ETF-UBS-ETF MSCI E.M.U ETF - INHABER-ANTEILE A O.N.;476,0;43334,68
2021-02;DE000A0F5UK5;iShares STOXX Basic Resources Europe 600 (DE);118,0;0,0
2021-02;DE000A0Q4R02;X_iShares STOXX Utilities Europe 600 (DE);0,0;-2708,16
2021-03;IE00B4WPHX27;L&G-L&G L.Dated all Comm U.ETF;1901,0;11103,5
2021-03;LU0360863863;ARERO - DER WELTFONDS - INHABER-ANTEILE O.N.;903,0;188711,0
2021-03;LU0446734369;x_UBS ETF - MSCI EMU VALUE UCITS ETF;0,0;-3106,88
2021-03;IE00BJ0KDR00;ETF XTR.(IE) USA;694,0;49479,19
2021-03;IE00BKWQ0M75;SSGA S.ETF E.II-M.EUROP.SM.CAP - REGISTERED SHARES O.N.;0,0;1473,62
2021-03;IE00BQN1K901;ISHSIV-EDGE MSCI EU.VA.F.U.ETF;5619,0;31478,55
2021-03;DE000A1CXBV8;X_FS LONG.DATED.ALL COMM.GO U. - BEARER SHARES (DT. ZERT.) O;0,0;11791,31
2021-03;LU0322253906;ETF XTR.MSCI Europe Small CAP;654,0;26509,12
2021-03;LU0392495023;X_COMSTA.-MSCI PACIFIC TRN U.ETF - INHABER-ANTEILE I O.N.;441,0;22960,68
2021-03;LU0480132876;UBS-ETF-UBS-ETF MSCI E.M.U ETF - INHABER-ANTEILE A O.N.;579,0;54526,21
2021-03;DE000A0F5UK5;iShares STOXX Basic Resources Europe 600 (DE);118,0;0,0
2021-03;DE000A0Q4R02;X_iShares STOXX Utilities Europe 600 (DE);0,0;-2708,16
2021-04;IE00B4WPHX27;L&G-L&G L.Dated all Comm U.ETF;1901,0;11103,5
2021-04;LU0360863863;ARERO - DER WELTFONDS - INHABER-ANTEILE O.N.;903,0;188711,0
2021-04;LU0446734369;x_UBS ETF - MSCI EMU VALUE UCITS ETF;0,0;-3106,88
2021-04;IE00BJ0KDR00;ETF XTR.(IE) USA;694,0;49479,19
2021-04;IE00BKWQ0M75;SSGA S.ETF E.II-M.EUROP.SM.CAP - REGISTERED SHARES O.N.;0,0;1473,62
2021-04;IE00BQN1K901;ISHSIV-EDGE MSCI EU.VA.F.U.ETF;5619,0;31478,55
2021-04;DE000A1CXBV8;X_FS LONG.DATED.ALL COMM.GO U. - BEARER SHARES (DT. ZERT.) O;0,0;11791,31
2021-04;LU0322253906;ETF XTR.MSCI Europe Small CAP;654,0;26509,12
2021-04;LU0392495023;X_COMSTA.-MSCI PACIFIC TRN U.ETF - INHABER-ANTEILE I O.N.;441,0;22960,68
2021-04;LU0480132876;UBS-ETF-UBS-ETF MSCI E.M.U ETF - INHABER-ANTEILE A O.N.;579,0;54526,21
2021-04;DE000A0F5UK5;iShares STOXX Basic Resources Europe 600 (DE);118,0;0,0
2021-04;DE000A0Q4R02;X_iShares STOXX Utilities Europe 600 (DE);0,0;-2708,16
2021-05;IE00B4WPHX27;L&G-L&G L.Dated all Comm U.ETF;1901,0;11103,5
2021-05;LU0360863863;ARERO - DER WELTFONDS - INHABER-ANTEILE O.N.;903,0;188711,0
2021-05;LU0446734369;x_UBS ETF - MSCI EMU VALUE UCITS ETF;0,0;-3106,88
2021-05;IE00BJ0KDR00;ETF XTR.(IE) USA;694,0;49479,19
2021-05;IE00BKWQ0M75;SSGA S.ETF E.II-M.EUROP.SM.CAP - REGISTERED SHARES O.N.;0,0;1473,62
2021-05;IE00BQN1K901;ISHSIV-EDGE MSCI EU.VA.F.U.ETF;5619,0;31478,55
2021-05;DE000A1CXBV8;X_FS LONG.DATED.ALL COMM.GO U. - BEARER SHARES (DT. ZERT.) O;0,0;11791,31
2021-05;LU0322253906;ETF XTR.MSCI Europe Small CAP;654,0;26509,12
2021-05;LU0392495023;X_COMSTA.-MSCI PACIFIC TRN U.ETF - INHABER-ANTEILE I O.N.;441,0;22960,68
2021-05;LU0480132876;UBS-ETF-UBS-ETF MSCI E.M.U ETF - INHABER-ANTEILE A O.N.;579,0;54526,21
2021-05;DE000A0F5UK5;iShares STOXX Basic Resources Europe 600 (DE);118,0;0,0
2021-05;DE000A0Q4R02;X_iShares STOXX Utilities Europe 600 (DE);0,0;-2708,16
2021-06;IE00B4WPHX27;L&G-L&G L.Dated all Comm U.ETF;1901,0;11103,5
2021-06;LU0360863863;ARERO - DER WELTFONDS - INHABER-ANTEILE O.N.;903,0;188711,0
2021-06;LU0446734369;x_UBS ETF - MSCI EMU VALUE UCITS ETF;0,0;-3106,88
2021-06;IE00BJ0KDR00;ETF XTR.(IE) USA;694,0;49479,19
2021-06;IE00BKWQ0M75;SSGA S.ETF E.II-M.EUROP.SM.CAP - REGISTERED SHARES O.N.;0,0;1473,62
2021-06;IE00BQN1K901;ISHSIV-EDGE MSCI EU.VA.F.U.ETF;5619,0;31478,55
2021-06;DE000A1CXBV8;X_FS LONG.DATED.ALL COMM.GO U. - BEARER SHARES (DT. ZERT.) O;0,0;11791,31
2021-06;LU0322253906;ETF XTR.MSCI Europe Small CAP;654,0;26509,12
2021-06;LU0392495023;X_COMSTA.-MSCI PACIFIC TRN U.ETF - INHABER-ANTEILE I O.N.;441,0;22960,68
2021-06;LU0480132876;UBS-ETF-UBS-ETF MSCI E.M.U ETF - INHABER-ANTEILE A O.N.;579,0;54526,21
2021-06;DE000A0F5UK5;iShares STOXX Basic Resources Europe 600 (DE);118,0;0,0
2021-06;DE000A0Q4R02;X_iShares STOXX Utilities Europe 600 (DE);0,0;-2708,16
2021-07;IE00B4WPHX27;L&G-L&G L.Dated all Comm U.ETF;2106,0;14171,87
2021-07;LU0360863863;ARERO - DER WELTFONDS - INHABER-ANTEILE O.N.;915,0;191702,78
2021-07;LU0446734369;x_UBS ETF - MSCI EMU VALUE UCITS ETF;0,0;-3106,88
2021-07;IE00BJ0KDR00;ETF XTR.(IE) USA;787,0;59232,84
2021-07;IE00BKWQ0M75;SSGA S.ETF E.II-M.EUROP.SM.CAP - REGISTERED SHARES O.N.;0,0;1473,62
2021-07;IE00BQN1K901;ISHSIV-EDGE MSCI EU.VA.F.U.ETF;6679,0;38686,55
2021-07;DE000A1CXBV8;X_FS LONG.DATED.ALL COMM.GO U. - BEARER SHARES (DT. ZERT.) O;0,0;11791,31
2021-07;LU0322253906;ETF XTR.MSCI Europe Small CAP;754,0;32522,12
2021-07;LU0392495023;X_COMSTA.-MSCI PACIFIC TRN U.ETF - INHABER-ANTEILE I O.N.;557,0;29831,36
2021-07;LU0480132876;UBS-ETF-UBS-ETF MSCI E.M.U ETF - INHABER-ANTEILE A O.N.;703,0;68538,21
2021-07;DE000A0F5UK5;iShares STOXX Basic Resources Europe 600 (DE);118,0;0,0
2021-07;DE000A0Q4R02;X_iShares STOXX Utilities Europe 600 (DE);0,0;-2708,16
2021-08;IE00B4WPHX27;L&G-L&G L.Dated all Comm U.ETF;2242,0;16263,96
2021-08;LU0360863863;ARERO - DER WELTFONDS - INHABER-ANTEILE O.N.;999,0;212533,1
2021-08;LU0446734369;x_UBS ETF - MSCI EMU VALUE UCITS ETF;0,0;-3106,88
2021-08;IE00BJ0KDR00;ETF XTR.(IE) USA;847,0;65594,64
2021-08;IE00BKWQ0M75;SSGA S.ETF E.II-M.EUROP.SM.CAP - REGISTERED SHARES O.N.;0,0;1473,62
2021-08;IE00BQN1K901;ISHSIV-EDGE MSCI EU.VA.F.U.ETF;7209,0;42325,0
2021-08;DE000A1CXBV8;X_FS LONG.DATED.ALL COMM.GO U. - BEARER SHARES (DT. ZERT.) O;0,0;11791,31
2021-08;LU0322253906;ETF XTR.MSCI Europe Small CAP;804,0;35597,12
2021-08;LU0392495023;X_COMSTA.-MSCI PACIFIC TRN U.ETF - INHABER-ANTEILE I O.N.;609,0;32900,92
2021-08;LU0480132876;UBS-ETF-UBS-ETF MSCI E.M.U ETF - INHABER-ANTEILE A O.N.;807,0;79676,09
2021-08;DE000A0F5UK5;iShares STOXX Basic Resources Europe 600 (DE);118,0;0,0
2021-08;DE000A0Q4R02;X_iShares STOXX Utilities Europe 600 (DE);0,0;-2708,16
2021-09;IE00B4WPHX27;L&G-L&G L.Dated all Comm U.ETF;2242,0;16263,96
2021-09;LU0360863863;ARERO - DER WELTFONDS - INHABER-ANTEILE O.N.;999,0;212533,1
2021-09;LU0446734369;x_UBS ETF - MSCI EMU VALUE UCITS ETF;0,0;-3106,88
2021-09;IE00BJ0KDR00;ETF XTR.(IE) USA;847,0;65594,64
2021-09;IE00BKWQ0M75;SSGA S.ETF E.II-M.EUROP.SM.CAP - REGISTERED SHARES O.N.;0,0;1473,62
2021-09;IE00BQN1K901;ISHSIV-EDGE MSCI EU.VA.F.U.ETF;7209,0;42325,0
2021-09;DE000A1CXBV8;X_FS LONG.DATED.ALL COMM.GO U. - BEARER SHARES (DT. ZERT.) O;0,0;11791,31
2021-09;LU0322253906;ETF XTR.MSCI Europe Small CAP;804,0;35597,12
2021-09;LU0392495023;X_COMSTA.-MSCI PACIFIC TRN U.ETF - INHABER-ANTEILE I O.N.;609,0;32900,92
2021-09;LU0480132876;UBS-ETF-UBS-ETF MSCI E.M.U ETF - INHABER-ANTEILE A O.N.;807,0;79676,09
2021-09;DE000A0F5UK5;iShares STOXX Basic Resources Europe 600 (DE);118,0;0,0
2021-09;DE000A0Q4R02;X_iShares STOXX Utilities Europe 600 (DE);0,0;-2708,16
2021-10;IE00B4WPHX27;L&G-L&G L.Dated all Comm U.ETF;2242,0;16263,96
2021-10;LU0360863863;ARERO - DER WELTFONDS - INHABER-ANTEILE O.N.;1088,0;234946,68
2021-10;LU0446734369;x_UBS ETF - MSCI EMU VALUE UCITS ETF;0,0;-3106,88
2021-10;IE00BJ0KDR00;ETF XTR.(IE) USA;917,0;73156,04
2021-10;IE00BKWQ0M75;SSGA S.ETF E.II-M.EUROP.SM.CAP - REGISTERED SHARES O.N.;0,0;1473,62
2021-10;IE00BQN1K901;ISHSIV-EDGE MSCI EU.VA.F.U.ETF;7812,0;46538,16
2021-10;DE000A1CXBV8;X_FS LONG.DATED.ALL COMM.GO U. - BEARER SHARES (DT. ZERT.) O;0,0;11791,31
2021-10;LU0322253906;ETF XTR.MSCI Europe Small CAP;891,0;40924,13
2021-10;LU0392495023;X_COMSTA.-MSCI PACIFIC TRN U.ETF - INHABER-ANTEILE I O.N.;662,0;36087,81
2021-10;LU0480132876;UBS-ETF-UBS-ETF MSCI E.M.U ETF - INHABER-ANTEILE A O.N.;878,0;87396,28
2021-10;DE000A0F5UK5;iShares STOXX Basic Resources Europe 600 (DE);118,0;0,0
2021-10;DE000A0Q4R02;X_iShares STOXX Utilities Europe 600 (DE);0,0;-2708,16
2021-11;IE00B4WPHX27;L&G-L&G L.Dated all Comm U.ETF;2242,0;16263,96
2021-11;LU0360863863;ARERO - DER WELTFONDS - INHABER-ANTEILE O.N.;1088,0;234946,68
2021-11;LU0446734369;x_UBS ETF - MSCI EMU VALUE UCITS ETF;0,0;-3106,88
2021-11;IE00BJ0KDR00;ETF XTR.(IE) USA;917,0;73156,04
2021-11;IE00BKWQ0M75;SSGA S.ETF E.II-M.EUROP.SM.CAP - REGISTERED SHARES O.N.;0,0;1473,62
2021-11;IE00BQN1K901;ISHSIV-EDGE MSCI EU.VA.F.U.ETF;7812,0;46538,16
2021-11;DE000A1CXBV8;X_FS LONG.DATED.ALL COMM.GO U. - BEARER SHARES (DT. ZERT.) O;0,0;11791,31
2021-11;LU0322253906;ETF XTR.MSCI Europe Small CAP;891,0;40924,13
2021-11;LU0392495023;X_COMSTA.-MSCI PACIFIC TRN U.ETF - INHABER-ANTEILE I O.N.;662,0;36087,81
2021-11;LU0480132876;UBS-ETF-UBS-ETF MSCI E.M.U ETF - INHABER-ANTEILE A O.N.;878,0;87396,28
2021-11;DE000A0F5UK5;iShares STOXX Basic Resources Europe 600 (DE);118,0;0,0
2021-11;DE000A0Q4R02;X_iShares STOXX Utilities Europe 600 (DE);0,0;-2708,16
2021-12;IE00B4WPHX27;L&G-L&G L.Dated all Comm U.ETF;2242,0;16263,96
2021-12;LU0360863863;ARERO - DER WELTFONDS - INHABER-ANTEILE O.N.;1088,0;234946,68
2021-12;LU0446734369;x_UBS ETF - MSCI EMU VALUE UCITS ETF;0,0;-3106,88
2021-12;IE00BJ0KDR00;ETF XTR.(IE) USA;917,0;73156,04
2021-12;IE00BKWQ0M75;SSGA S.ETF E.II-M.EUROP.SM.CAP - REGISTERED SHARES O.N.;0,0;1473,62
2021-12;IE00BQN1K901;ISHSIV-EDGE MSCI EU.VA.F.U.ETF;7812,0;46538,16
2021-12;DE000A1CXBV8;X_FS LONG.DATED.ALL COMM.GO U. - BEARER SHARES (DT. ZERT.) O;0,0;11791,31
2021-12;LU0322253906;ETF XTR.MSCI Europe Small CAP;891,0;40924,13
2021-12;LU0392495023;X_COMSTA.-MSCI PACIFIC TRN U.ETF - INHABER-ANTEILE I O.N.;662,0;36087,81
2021-12;LU0480132876;UBS-ETF-UBS-ETF MSCI E.M.U ETF - INHABER-ANTEILE A O.N.;878,0;87396,28
2021-12;DE000A0F5UK5;iShares STOXX Basic Resources Europe 600 (DE);118,0;0,0
2021-12;DE000A0Q4R02;X_iShares STOXX Utilities Europe 600 (DE);0,0;-2708,16
2022-01;IE00B4WPHX27;L&G-L&G L.Dated all Comm U.ETF;2242,0;16263,96
2022-01;LU0360863863;ARERO - DER WELTFONDS - INHABER-ANTEILE O.N.;1088,0;234946,68
2022-01;LU0446734369;x_UBS ETF - MSCI EMU VALUE UCITS ETF;0,0;-3106,88
2022-01;IE00BJ0KDR00;ETF XTR.(IE) USA;917,0;73156,04
2022-01;IE00BKWQ0M75;SSGA S.ETF E.II-M.EUROP.SM.CAP - REGISTERED SHARES O.N.;0,0;1473,62
2022-01;IE00BQN1K901;ISHSIV-EDGE MSCI EU.VA.F.U.ETF;7812,0;46538,16
2022-01;DE000A1CXBV8;X_FS LONG.DATED.ALL COMM.GO U. - BEARER SHARES (DT. ZERT.) O;0,0;11791,31
2022-01;LU0322253906;ETF XTR.MSCI Europe Small CAP;891,0;40924,13
2022-01;LU0392495023;X_COMSTA.-MSCI PACIFIC TRN U.ETF - INHABER-ANTEILE I O.N.;662,0;36087,81
2022-01;LU0480132876;UBS-ETF-UBS-ETF MSCI E.M.U ETF - INHABER-ANTEILE A O.N.;878,0;87396,28
2022-01;DE000A0F5UK5;iShares STOXX Basic Resources Europe 600 (DE);118,0;0,0
2022-01;DE000A0Q4R02;X_iShares STOXX Utilities Europe 600 (DE);0,0;-2708,16
2022-02;IE00B4WPHX27;L&G-L&G L.Dated all Comm U.ETF;2242,0;16263,96
2022-02;LU0360863863;ARERO - DER WELTFONDS - INHABER-ANTEILE O.N.;1088,0;234946,68
2022-02;LU0446734369;x_UBS ETF - MSCI EMU VALUE UCITS ETF;0,0;-3106,88
2022-02;IE00BJ0KDR00;ETF XTR.(IE) USA;917,0;73156,04
2022-02;IE00BKWQ0M75;SSGA S.ETF E.II-M.EUROP.SM.CAP - REGISTERED SHARES O.N.;0,0;1473,62
2022-02;IE00BQN1K901;ISHSIV-EDGE MSCI EU.VA.F.U.ETF;7812,0;46538,16
2022-02;DE000A1CXBV8;X_FS LONG.DATED.ALL COMM.GO U. - BEARER SHARES (DT. ZERT.) O;0,0;11791,31
2022-02;LU0322253906;ETF XTR.MSCI Europe Small CAP;891,0;40924,13
2022-02;LU0392495023;X_COMSTA.-MSCI PACIFIC TRN U.ETF - INHABER-ANTEILE I O.N.;662,0;36087,81
2022-02;LU0480132876;UBS-ETF-UBS-ETF MSCI E.M.U ETF - INHABER-ANTEILE A O.N.;878,0;87396,28
2022-02;DE000A0F5UK5;iShares STOXX Basic Resources Europe 600 (DE);118,0;0,0
2022-02;DE000A0Q4R02;X_iShares STOXX Utilities Europe 600 (DE);0,0;-2708,16
2022-03;IE00B4WPHX27;L&G-L&G L.Dated all Comm U.ETF;2242,0;16263,96
2022-03;LU0360863863;ARERO - DER WELTFONDS - INHABER-ANTEILE O.N.;1088,0;234946,68
2022-03;LU0446734369;x_UBS ETF - MSCI EMU VALUE UCITS ETF;0,0;-3106,88
2022-03;IE00BJ0KDR00;ETF XTR.(IE) USA;917,0;73156,04
2022-03;IE00BKWQ0M75;SSGA S.ETF E.II-M.EUROP.SM.CAP - REGISTERED SHARES O.N.;0,0;1473,62
2022-03;IE00BQN1K901;ISHSIV-EDGE MSCI EU.VA.F.U.ETF;7812,0;46538,16
2022-03;DE000A1CXBV8;X_FS LONG.DATED.ALL COMM.GO U. - BEARER SHARES (DT. ZERT.) O;0,0;11791,31
2022-03;LU0322253906;ETF XTR.MSCI Europe Small CAP;891,0;40924,13
2022-03;LU0392495023;X_COMSTA.-MSCI PACIFIC TRN U.ETF - INHABER-ANTEILE I O.N.;662,0;36087,81
2022-03;LU0480132876;UBS-ETF-UBS-ETF MSCI E.M.U ETF - INHABER-ANTEILE A O.N.;878,0;87396,28
2022-03;DE000A0F5UK5;iShares STOXX Basic Resources Europe 600 (DE);118,0;0,0
2022-03;DE000A0Q4R02;X_iShares STOXX Utilities Europe 600 (DE);0,0;-2708,16
2022-04;IE00B4WPHX27;L&G-L&G L.Dated all Comm U.ETF;2242,0;16263,96
2022-04;LU0360863863;ARERO - DER WELTFONDS - INHABER-ANTEILE O.N.;1145,0;249935,23
2022-04;LU0446734369;x_UBS ETF - MSCI EMU VALUE UCITS ETF;0,0;-3106,88
2022-04;IE00BJ0KDR00;ETF XTR.(IE) USA;929,0;74574,44
2022-04;IE00BKWQ0M75;SSGA S.ETF E.II-M.EUROP.SM.CAP - REGISTERED SHARES O.N.;0,0;1473,62
2022-04;IE00BQN1K901;ISHSIV-EDGE MSCI EU.VA.F.U.ETF;8272,0;49891,56
2022-04;DE000A1CXBV8;X_FS LONG.DATED.ALL COMM.GO U. - BEARER SHARES (DT. ZERT.) O;0,0;11791,31
2022-04;LU0322253906;ETF XTR.MSCI Europe Small CAP;1043,0;49738,61
2022-04;LU0392495023;X_COMSTA.-MSCI PACIFIC TRN U.ETF - INHABER-ANTEILE I O.N.;721,0;39682,09
2022-04;LU0480132876;UBS-ETF-UBS-ETF MSCI E.M.U ETF - INHABER-ANTEILE A O.N.;1003,0;100551,91
2022-04;DE000A0F5UK5;iShares STOXX Basic Resources Europe 600 (DE);118,0;0,0
2022-04;DE000A0Q4R02;X_iShares STOXX Utilities Europe 600 (DE);0,0;-2708,16
2022-05;IE00B4WPHX27;L&G-L&G L.Dated all Comm U.ETF;2242,0;16263,96
2022-05;LU0360863863;ARERO - DER WELTFONDS - INHABER-ANTEILE O.N.;1145,0;249935,23
2022-05;LU0446734369;x_UBS ETF - MSCI EMU VALUE UCITS ETF;0,0;-3106,88
2022-05;IE00BJ0KDR00;ETF XTR.(IE) USA;929,0;74574,44
2022-05;IE00BKWQ0M75;SSGA S.ETF E.II-M.EUROP.SM.CAP - REGISTERED SHARES O.N.;0,0;1473,62
2022-05;IE00BQN1K901;ISHSIV-EDGE MSCI EU.VA.F.U.ETF;8272,0;49891,56
2022-05;DE000A1CXBV8;X_FS LONG.DATED.ALL COMM.GO U. - BEARER SHARES (DT. ZERT.) O;0,0;11791,31
2022-05;LU0322253906;ETF XTR.MSCI Europe Small CAP;1043,0;49738,61
2022-05;LU0392495023;X_COMSTA.-MSCI PACIFIC TRN U.ETF - INHABER-ANTEILE I O.N.;721,0;39682,09
2022-05;LU0480132876;UBS-ETF-UBS-ETF MSCI E.M.U ETF - INHABER-ANTEILE A O.N.;1003,0;100551,91
2022-05;DE000A0F5UK5;iShares STOXX Basic Resources Europe 600 (DE);118,0;0,0
2022-05;DE000A0Q4R02;X_iShares STOXX Utilities Europe 600 (DE);0,0;-2708,16
2022-06;IE00B4WPHX27;L&G-L&G L.Dated all Comm U.ETF;2242,0;16263,96
2022-06;LU0360863863;ARERO - DER WELTFONDS - INHABER-ANTEILE O.N.;1145,0;249935,23
2022-06;LU0446734369;x_UBS ETF - MSCI EMU VALUE UCITS ETF;0,0;-3106,88
2022-06;IE00BJ0KDR00;ETF XTR.(IE) USA;929,0;74574,44
2022-06;IE00BKWQ0M75;SSGA S.ETF E.II-M.EUROP.SM.CAP - REGISTERED SHARES O.N.;0,0;1473,62
2022-06;IE00BQN1K901;ISHSIV-EDGE MSCI EU.VA.F.U.ETF;8272,0;49891,56
2022-06;DE000A1CXBV8;X_FS LONG.DATED.ALL COMM.GO U. - BEARER SHARES (DT. ZERT.) O;0,0;11791,31
2022-06;LU0322253906;ETF XTR.MSCI Europe Small CAP;1043,0;49738,61
2022-06;LU0392495023;X_COMSTA.-MSCI PACIFIC TRN U.ETF - INHABER-ANTEILE I O.N.;721,0;39682,09
2022-06;LU0480132876;UBS-ETF-UBS-ETF MSCI E.M.U ETF - INHABER-ANTEILE A O.N.;1003,0;100551,91
2022-06;DE000A0F5UK5;iShares STOXX Basic Resources Europe 600 (DE);118,0;0,0
2022-06;DE000A0Q4R02;X_iShares STOXX Utilities Europe 600 (DE);0,0;-2708,16
2022-07;IE00B4WPHX27;L&G-L&G L.Dated all Comm U.ETF;2242,0;16263,96
2022-07;LU0360863863;ARERO - DER WELTFONDS - INHABER-ANTEILE O.N.;1145,0;249935,23
2022-07;LU0446734369;x_UBS ETF - MSCI EMU VALUE UCITS ETF;0,0;-3106,88
2022-07;IE00BJ0KDR00;ETF XTR.(IE) USA;929,0;74574,44
2022-07;IE00BKWQ0M75;SSGA S.ETF E.II-M.EUROP.SM.CAP - REGISTERED SHARES O.N.;0,0;1473,62
2022-07;IE00BQN1K901;ISHSIV-EDGE MSCI EU.VA.F.U.ETF;8272,0;49891,56
2022-07;DE000A1CXBV8;X_FS LONG.DATED.ALL COMM.GO U. - BEARER SHARES (DT. ZERT.) O;0,0;11791,31
2022-07;LU0322253906;ETF XTR.MSCI Europe Small CAP;1043,0;49738,61
2022-07;LU0392495023;X_COMSTA.-MSCI PACIFIC TRN U.ETF - INHABER-ANTEILE I O.N.;721,0;39682,09
2022-07;LU0480132876;UBS-ETF-UBS-ETF MSCI E.M.U ETF - INHABER-ANTEILE A O.N.;1003,0;100551,91
2022-07;DE000A0F5UK5;iShares STOXX Basic Resources Europe 600 (DE);118,0;0,0
2022-07;DE000A0Q4R02;X_iShares STOXX Utilities Europe 600 (DE);0,0;-2708,16
2022-08;IE00B4WPHX27;L&G-L&G L.Dated all Comm U.ETF;2242,0;16263,96
2022-08;LU0360863863;ARERO - DER WELTFONDS - INHABER-ANTEILE O.N.;1145,0;249935,23
2022-08;LU0446734369;x_UBS ETF - MSCI EMU VALUE UCITS ETF;0,0;-3106,88
2022-08;IE00BJ0KDR00;ETF XTR.(IE) USA;929,0;74574,44
2022-08;IE00BKWQ0M75;SSGA S.ETF E.II-M.EUROP.SM.CAP - REGISTERED SHARES O.N.;0,0;1473,62
2022-08;IE00BQN1K901;ISHSIV-EDGE MSCI EU.VA.F.U.ETF;8272,0;49891,56
2022-08;DE000A1CXBV8;X_FS LONG.DATED.ALL COMM.GO U. - BEARER SHARES (DT. ZERT.) O;0,0;11791,31
2022-08;LU0322253906;ETF XTR.MSCI Europe Small CAP;1043,0;49738,61
2022-08;LU0392495023;X_COMSTA.-MSCI PACIFIC TRN U.ETF - INHABER-ANTEILE I O.N.;721,0;39682,09
2022-08;LU0480132876;UBS-ETF-UBS-ETF MSCI E.M.U ETF - INHABER-ANTEILE A O.N.;1003,0;100551,91
2022-08;DE000A0F5UK5;iShares STOXX Basic Resources Europe 600 (DE);118,0;0,0
2022-08;DE000A0Q4R02;X_iShares STOXX Utilities Europe 600 (DE);0,0;-2708,16
2022-09;IE00B4WPHX27;L&G-L&G L.Dated all Comm U.ETF;2242,0;16263,96
2022-09;LU0360863863;ARERO - DER WELTFONDS - INHABER-ANTEILE O.N.;1211,0;266453,05
2022-09;LU0446734369;x_UBS ETF - MSCI EMU VALUE UCITS ETF;0,0;-3106,88
2022-09;IE00BJ0KDR00;ETF XTR.(IE) USA;985,0;80846,43
2022-09;IE00BKWQ0M75;SSGA S.ETF E.II-M.EUROP.SM.CAP - REGISTERED SHARES O.N.;0,0;1473,62
2022-09;IE00BQN1K901;ISHSIV-EDGE MSCI EU.VA.F.U.ETF;8866,0;53947,99
2022-09;DE000A1CXBV8;X_FS LONG.DATED.ALL COMM.GO U. - BEARER SHARES (DT. ZERT.) O;0,0;11791,31
2022-09;LU0322253906;ETF XTR.MSCI Europe Small CAP;1238,0;59285,81
2022-09;LU0392495023;X_COMSTA.-MSCI PACIFIC TRN U.ETF - INHABER-ANTEILE I O.N.;797,0;43890,21
2022-09;LU0480132876;UBS-ETF-UBS-ETF MSCI E.M.U ETF - INHABER-ANTEILE A O.N.;1111,0;110794,63
2022-09;DE000A0F5UK5;iShares STOXX Basic Resources Europe 600 (DE);118,0;0,0
2022-09;DE000A0Q4R02;X_iShares STOXX Utilities Europe 600 (DE);0,0;-2708,16
2022-10;IE00B4WPHX27;L&G-L&G L.Dated all Comm U.ETF;2242,0;16263,96
2022-10;LU0360863863;ARERO - DER WELTFONDS - INHABER-ANTEILE O.N.;1211,0;266453,05
2022-10;LU0446734369;x_UBS ETF - MSCI EMU VALUE UCITS ETF;0,0;-3106,88
2022-10;IE00BJ0KDR00;ETF XTR.(IE) USA;985,0;80846,43
2022-10;IE00BKWQ0M75;SSGA S.ETF E.II-M.EUROP.SM.CAP - REGISTERED SHARES O.N.;0,0;1473,62
2022-10;IE00BQN1K901;ISHSIV-EDGE MSCI EU.VA.F.U.ETF;8866,0;53947,99
2022-10;DE000A1CXBV8;X_FS LONG.DATED.ALL COMM.GO U. - BEARER SHARES (DT. ZERT.) O;0,0;11791,31
2022-10;LU0322253906;ETF XTR.MSCI Europe Small CAP;1238,0;59285,81
2022-10;LU0392495023;X_COMSTA.-MSCI PACIFIC TRN U.ETF - INHABER-ANTEILE I O.N.;797,0;43890,21
2022-10;LU0480132876;UBS-ETF-UBS-ETF MSCI E.M.U ETF - INHABER-ANTEILE A O.N.;1111,0;110794,63
2022-10;DE000A0F5UK5;iShares STOXX Basic Resources Europe 600 (DE);118,0;0,0
2022-10;DE000A0Q4R02;X_iShares STOXX Utilities Europe 600 (DE);0,0;-2708,16
2022-11;IE00B4WPHX27;L&G-L&G L.Dated all Comm U.ETF;2242,0;16263,96
2022-11;LU0360863863;ARERO - DER WELTFONDS - INHABER-ANTEILE O.N.;1211,0;266453,05
2022-11;LU0446734369;x_UBS ETF - MSCI EMU VALUE UCITS ETF;0,0;-3106,88
2022-11;IE00BJ0KDR00;ETF XTR.(IE) USA;985,0;80846,43
2022-11;IE00BKWQ0M75;SSGA S.ETF E.II-M.EUROP.SM.CAP - REGISTERED SHARES O.N.;0,0;1473,62
2022-11;IE00BQN1K901;ISHSIV-EDGE MSCI EU.VA.F.U.ETF;8866,0;53947,99
2022-11;DE000A1CXBV8;X_FS LONG.DATED.ALL COMM.GO U. - BEARER SHARES (DT. ZERT.) O;0,0;11791,31
2022-11;LU0322253906;ETF XTR.MSCI Europe Small CAP;1238,0;59285,81
2022-11;LU0392495023;X_COMSTA.-MSCI PACIFIC TRN U.ETF - INHABER-ANTEILE I O.N.;797,0;43890,21
2022-11;LU0480132876;UBS-ETF-UBS-ETF MSCI E.M.U ETF - INHABER-ANTEILE A O.N.;1111,0;110794,63
2022-11;DE000A0F5UK5;iShares STOXX Basic Resources Europe 600 (DE);118,0;0,0
2022-11;DE000A0Q4R02;X_iShares STOXX Utilities Europe 600 (DE);0,0;-2708,16
2022-12;IE00B4WPHX27;L&G-L&G L.Dated all Comm U.ETF;2242,0;16263,96
2022-12;LU0360863863;ARERO - DER WELTFONDS - INHABER-ANTEILE O.N.;1211,0;266453,05
2022-12;LU0446734369;x_UBS ETF - MSCI EMU VALUE UCITS ETF;0,0;-3106,88
2022-12;IE00BJ0KDR00;ETF XTR.(IE) USA;985,0;80846,43
2022-12;IE00BKWQ0M75;SSGA S.ETF E.II-M.EUROP.SM.CAP - REGISTERED SHARES O.N.;0,0;1473,62
2022-12;IE00BQN1K901;ISHSIV-EDGE MSCI EU.VA.F.U.ETF;8866,0;53947,99
2022-12;DE000A1CXBV8;X_FS LONG.DATED.ALL COMM.GO U. - BEARER SHARES (DT. ZERT.) O;0,0;11791,31
2022-12;LU0322253906;ETF XTR.MSCI Europe Small CAP;1238,0;59285,81
2022-12;LU0392495023;X_COMSTA.-MSCI PACIFIC TRN U.ETF - INHABER-ANTEILE I O.N.;797,0;43890,21
2022-12;LU0480132876;UBS-ETF-UBS-ETF MSCI E.M.U ETF - INHABER-ANTEILE A O.N.;1111,0;110794,63
2022-12;DE000A0F5UK5;iShares STOXX Basic Resources Europe 600 (DE);118,0;0,0
2022-12;DE000A0Q4R02;X_iShares STOXX Utilities Europe 600 (DE);0,0;-2708,16
2023-01;IE00B4WPHX27;L&G-L&G L.Dated all Comm U.ETF;2242,0;16263,96
2023-01;LU0360863863;ARERO - DER WELTFONDS - INHABER-ANTEILE O.N.;1211,0;266453,05
2023-01;LU0446734369;x_UBS ETF - MSCI EMU VALUE UCITS ETF;0,0;-3106,88
2023-01;IE00BJ0KDR00;ETF XTR.(IE) USA;985,0;80846,43
2023-01;IE00BKWQ0M75;SSGA S.ETF E.II-M.EUROP.SM.CAP - REGISTERED SHARES O.N.;0,0;1473,62
2023-01;IE00BQN1K901;ISHSIV-EDGE MSCI EU.VA.F.U.ETF;8866,0;53947,99
2023-01;DE000A1CXBV8;X_FS LONG.DATED.ALL COMM.GO U. - BEARER SHARES (DT. ZERT.) O;0,0;11791,31
2023-01;LU0322253906;ETF XTR.MSCI Europe Small CAP;1238,0;59285,81
2023-01;LU0392495023;X_COMSTA.-MSCI PACIFIC TRN U.ETF - INHABER-ANTEILE I O.N.;0,0;43890,21
2023-01;LU0480132876;UBS-ETF-UBS-ETF MSCI E.M.U ETF - INHABER-ANTEILE A O.N.;1111,0;110794,63
2023-01;LU2572257397;AIS-MSCIPECNZAC U.ETFDLD;797,0;0,0
2023-01;DE000A0F5UK5;iShares STOXX Basic Resources Europe 600 (DE);118,0;0,0
2023-01;DE000A0Q4R02;X_iShares STOXX Utilities Europe 600 (DE);0,0;-2708,16
2023-02;IE00B4WPHX27;L&G-L&G L.Dated all Comm U.ETF;2242,0;16263,96
2023-02;LU0360863863;ARERO - DER WELTFONDS - INHABER-ANTEILE O.N.;1211,0;266453,05
2023-02;LU0446734369;x_UBS ETF - MSCI EMU VALUE UCITS ETF;0,0;-3106,88
2023-02;IE00BJ0KDR00;ETF XTR.(IE) USA;985,0;80846,43
2023-02;IE00BKWQ0M75;SSGA S.ETF E.II-M.EUROP.SM.CAP - REGISTERED SHARES O.N.;0,0;1473,62
2023-02;IE00BQN1K901;ISHSIV-EDGE MSCI EU.VA.F.U.ETF;8866,0;53947,99
2023-02;DE000A1CXBV8;X_FS LONG.DATED.ALL COMM.GO U. - BEARER SHARES (DT. ZERT.) O;0,0;11791,31
2023-02;LU0322253906;ETF XTR.MSCI Europe Small CAP;1238,0;59285,81
2023-02;LU0392495023;X_COMSTA.-MSCI PACIFIC TRN U.ETF - INHABER-ANTEILE I O.N.;0,0;43890,21
2023-02;LU0480132876;UBS-ETF-UBS-ETF MSCI E.M.U ETF - INHABER-ANTEILE A O.N.;1111,0;110794,63
2023-02;LU2572257397;AIS-MSCIPECNZAC U.ETFDLD;797,0;0,0
2023-02;DE000A0F5UK5;iShares STOXX Basic Resources Europe 600 (DE);118,0;0,0
2023-02;DE000A0Q4R02;X_iShares STOXX Utilities Europe 600 (DE);0,0;-2708,16
2023-03;IE00B4WPHX27;L&G-L&G L.Dated all Comm U.ETF;2242,0;16263,96
2023-03;LU0360863863;ARERO - DER WELTFONDS - INHABER-ANTEILE O.N.;1211,0;266453,05
2023-03;LU0446734369;x_UBS ETF - MSCI EMU VALUE UCITS ETF;0,0;-3106,88
2023-03;IE00BJ0KDR00;ETF XTR.(IE) USA;985,0;80846,43
2023-03;IE00BKWQ0M75;SSGA S.ETF E.II-M.EUROP.SM.CAP - REGISTERED SHARES O.N.;0,0;1473,62
2023-03;IE00BQN1K901;ISHSIV-EDGE MSCI EU.VA.F.U.ETF;8866,0;53947,99
2023-03;DE000A1CXBV8;X_FS LONG.DATED.ALL COMM.GO U. - BEARER SHARES (DT. ZERT.) O;0,0;11791,31
2023-03;LU0322253906;ETF XTR.MSCI Europe Small CAP;1238,0;59285,81
2023-03;LU0392495023;X_COMSTA.-MSCI PACIFIC TRN U.ETF - INHABER-ANTEILE I O.N.;0,0;43890,21
2023-03;LU0480132876;UBS-ETF-UBS-ETF MSCI E.M.U ETF - INHABER-ANTEILE A O.N.;1111,0;110794,63
2023-03;LU2572257397;AIS-MSCIPECNZAC U.ETFDLD;797,0;0,0
2023-03;DE000A0F5UK5;iShares STOXX Basic Resources Europe 600 (DE);118,0;0,0
2023-03;DE000A0Q4R02;X_iShares STOXX Utilities Europe 600 (DE);0,0;-2708,16
2023-04;IE00B4WPHX27;L&G-L&G L.Dated all Comm U.ETF;2242,0;16263,96
2023-04;LU0360863863;ARERO - DER WELTFONDS - INHABER-ANTEILE O.N.;1318,0;291972,55
2023-04;LU0446734369;x_UBS ETF - MSCI EMU VALUE UCITS ETF;0,0;-3106,88
2023-04;IE00BJ0KDR00;ETF XTR.(IE) USA;1078,0;90716,05
2023-04;IE00BKWQ0M75;SSGA S.ETF E.II-M.EUROP.SM.CAP - REGISTERED SHARES O.N.;0,0;1473,62
2023-04;IE00BQN1K901;ISHSIV-EDGE MSCI EU.VA.F.U.ETF;8866,0;53947,99
2023-04;DE000A1CXBV8;X_FS LONG.DATED.ALL COMM.GO U. - BEARER SHARES (DT. ZERT.) O;0,0;11791,31
2023-04;LU0322253906;ETF XTR.MSCI Europe Small CAP;1238,0;59285,81
2023-04;LU0392495023;X_COMSTA.-MSCI PACIFIC TRN U.ETF - INHABER-ANTEILE I O.N.;0,0;43890,21
2023-04;LU0480132876;UBS-ETF-UBS-ETF MSCI E.M.U ETF - INHABER-ANTEILE A O.N.;1268,0;124427,24
2023-04;LU2572257397;AIS-MSCIPECNZAC U.ETFDLD;797,0;0,0
2023-04;DE000A0F5UK5;iShares STOXX Basic Resources Europe 600 (DE);118,0;0,0
2023-04;DE000A0Q4R02;X_iShares STOXX Utilities Europe 600 (DE);0,0;-2708,16
2023-05;IE00B4WPHX27;L&G-L&G L.Dated all Comm U.ETF;2242,0;16263,96
2023-05;LU0360863863;ARERO - DER WELTFONDS - INHABER-ANTEILE O.N.;1318,0;291972,55
2023-05;LU0446734369;x_UBS ETF - MSCI EMU VALUE UCITS ETF;0,0;-3106,88
2023-05;IE00BJ0KDR00;ETF XTR.(IE) USA;1078,0;90716,05
2023-05;IE00BKWQ0M75;SSGA S.ETF E.II-M.EUROP.SM.CAP - REGISTERED SHARES O.N.;0,0;1473,62
2023-05;IE00BQN1K901;ISHSIV-EDGE MSCI EU.VA.F.U.ETF;8866,0;53947,99
2023-05;DE000A1CXBV8;X_FS LONG.DATED.ALL COMM.GO U. - BEARER SHARES (DT. ZERT.) O;0,0;11791,31
2023-05;LU0322253906;ETF XTR.MSCI Europe Small CAP;1238,0;59285,81
2023-05;LU0392495023;X_COMSTA.-MSCI PACIFIC TRN U.ETF - INHABER-ANTEILE I O.N.;0,0;43890,21
2023-05;LU0480132876;UBS-ETF-UBS-ETF MSCI E.M.U ETF - INHABER-ANTEILE A O.N.;1268,0;124427,24
2023-05;LU2572257397;AIS-MSCIPECNZAC U.ETFDLD;797,0;0,0
2023-05;DE000A0F5UK5;iShares STOXX Basic Resources Europe 600 (DE);118,0;0,0
2023-05;DE000A0Q4R02;X_iShares STOXX Utilities Europe 600 (DE);0,0;-2708,16
2023-06;IE00B4WPHX27;L&G-L&G L.Dated all Comm U.ETF;2242,0;16263,96
2023-06;LU0360863863;ARERO - DER WELTFONDS - INHABER-ANTEILE O.N.;1318,0;291972,55
2023-06;LU0446734369;x_UBS ETF - MSCI EMU VALUE UCITS ETF;0,0;-3106,88
2023-06;IE00BJ0KDR00;ETF XTR.(IE) USA;1078,0;90716,05
2023-06;IE00BKWQ0M75;SSGA S.ETF E.II-M.EUROP.SM.CAP - REGISTERED SHARES O.N.;0,0;1473,62
2023-06;IE00BQN1K901;ISHSIV-EDGE MSCI EU.VA.F.U.ETF;8866,0;53947,99
2023-06;DE000A1CXBV8;X_FS LONG.DATED.ALL COMM.GO U. - BEARER SHARES (DT. ZERT.) O;0,0;11791,31
2023-06;LU0322253906;ETF XTR.MSCI Europe Small CAP;1238,0;59285,81
2023-06;LU0392495023;X_COMSTA.-MSCI PACIFIC TRN U.ETF - INHABER-ANTEILE I O.N.;0,0;43890,21
2023-06;LU0480132876;UBS-ETF-UBS-ETF MSCI E.M.U ETF - INHABER-ANTEILE A O.N.;1268,0;124427,24
2023-06;LU2572257397;AIS-MSCIPECNZAC U.ETFDLD;797,0;0,0
2023-06;DE000A0F5UK5;iShares STOXX Basic Resources Europe 600 (DE);118,0;0,0
2023-06;DE000A0Q4R02;X_iShares STOXX Utilities Europe 600 (DE);0,0;-2708,16
2023-07;IE00B4WPHX27;L&G-L&G L.Dated all Comm U.ETF;2242,0;16263,96
2023-07;LU0360863863;ARERO - DER WELTFONDS - INHABER-ANTEILE O.N.;1318,0;291972,55
2023-07;LU0446734369;x_UBS ETF - MSCI EMU VALUE UCITS ETF;0,0;-3106,88
2023-07;IE00BJ0KDR00;ETF XTR.(IE) USA;1078,0;90716,05
2023-07;IE00BKWQ0M75;SSGA S.ETF E.II-M.EUROP.SM.CAP - REGISTERED SHARES O.N.;0,0;1473,62
2023-07;IE00BQN1K901;ISHSIV-EDGE MSCI EU.VA.F.U.ETF;8866,0;53947,99
2023-07;DE000A1CXBV8;X_FS LONG.DATED.ALL COMM.GO U. - BEARER SHARES (DT. ZERT.) O;0,0;11791,31
2023-07;LU0322253906;ETF XTR.MSCI Europe Small CAP;1238,0;59285,81
2023-07;LU0392495023;X_COMSTA.-MSCI PACIFIC TRN U.ETF - INHABER-ANTEILE I O.N.;0,0;43890,21
2023-07;LU0480132876;UBS-ETF-UBS-ETF MSCI E.M.U ETF - INHABER-ANTEILE A O.N.;1268,0;124427,24
2023-07;LU2572257397;AIS-MSCIPECNZAC U.ETFDLD;797,0;0,0
2023-07;DE000A0F5UK5;iShares STOXX Basic Resources Europe 600 (DE);118,0;0,0
2023-07;DE000A0Q4R02;X_iShares STOXX Utilities Europe 600 (DE);0,0;-2708,16
2023-08;IE00B4WPHX27;L&G-L&G L.Dated all Comm U.ETF;2242,0;16263,96
2023-08;LU0360863863;ARERO - DER WELTFONDS - INHABER-ANTEILE O.N.;1318,0;291972,55
2023-08;LU0446734369;x_UBS ETF - MSCI EMU VALUE UCITS ETF;0,0;-3106,88
2023-08;IE00BJ0KDR00;ETF XTR.(IE) USA;1078,0;90716,05
2023-08;IE00BKWQ0M75;SSGA S.ETF E.II-M.EUROP.SM.CAP - REGISTERED SHARES O.N.;0,0;1473,62
2023-08;IE00BQN1K901;ISHSIV-EDGE MSCI EU.VA.F.U.ETF;8866,0;53947,99
2023-08;DE000A1CXBV8;X_FS LONG.DATED.ALL COMM.GO U. - BEARER SHARES (DT. ZERT.) O;0,0;11791,31
2023-08;LU0322253906;ETF XTR.MSCI Europe Small CAP;1238,0;59285,81
2023-08;LU0392495023;X_COMSTA.-MSCI PACIFIC TRN U.ETF - INHABER-ANTEILE I O.N.;0,0;43890,21
2023-08;LU0480132876;UBS-ETF-UBS-ETF MSCI E.M.U ETF - INHABER-ANTEILE A O.N.;1268,0;124427,24
2023-08;LU2572257397;AIS-MSCIPECNZAC U.ETFDLD;797,0;0,0
2023-08;DE000A0F5UK5;iShares STOXX Basic Resources Europe 600 (DE);118,0;0,0
2023-08;DE000A0Q4R02;X_iShares STOXX Utilities Europe 600 (DE);0,0;-2708,16
2023-09;IE00B4WPHX27;L&G-L&G L.Dated all Comm U.ETF;2242,0;16263,96
2023-09;LU0360863863;ARERO - DER WELTFONDS - INHABER-ANTEILE O.N.;1318,0;291972,55
2023-09;LU0446734369;x_UBS ETF - MSCI EMU VALUE UCITS ETF;0,0;-3106,88
2023-09;IE00BJ0KDR00;ETF XTR.(IE) USA;1078,0;90716,05
2023-09;IE00BKWQ0M75;SSGA S.ETF E.II-M.EUROP.SM.CAP - REGISTERED SHARES O.N.;0,0;1473,62
2023-09;IE00BQN1K901;ISHSIV-EDGE MSCI EU.VA.F.U.ETF;8866,0;53947,99
2023-09;DE000A1CXBV8;X_FS LONG.DATED.ALL COMM.GO U. - BEARER SHARES (DT. ZERT.) O;0,0;11791,31
2023-09;LU0322253906;ETF XTR.MSCI Europe Small CAP;1238,0;59285,81
2023-09;LU0392495023;X_COMSTA.-MSCI PACIFIC TRN U.ETF - INHABER-ANTEILE I O.N.;0,0;43890,21
2023-09;LU0480132876;UBS-ETF-UBS-ETF MSCI E.M.U ETF - INHABER-ANTEILE A O.N.;1268,0;124427,24
2023-09;LU2572257397;AIS-MSCIPECNZAC U.ETFDLD;797,0;0,0
2023-09;DE000A0F5UK5;iShares STOXX Basic Resources Europe 600 (DE);118,0;0,0
2023-09;DE000A0Q4R02;X_iShares STOXX Utilities Europe 600 (DE);0,0;-2708,16
2023-10;IE00B4WPHX27;L&G-L&G L.Dated all Comm U.ETF;2242,0;16263,96
2023-10;LU0360863863;ARERO - DER WELTFONDS - INHABER-ANTEILE O.N.;1318,0;291972,55
2023-10;LU0446734369;x_UBS ETF - MSCI EMU VALUE UCITS ETF;0,0;-3106,88
2023-10;IE00BJ0KDR00;ETF XTR.(IE) USA;1078,0;90716,05
2023-10;IE00BKWQ0M75;SSGA S.ETF E.II-M.EUROP.SM.CAP - REGISTERED SHARES O.N.;0,0;1473,62
2023-10;IE00BQN1K901;ISHSIV-EDGE MSCI EU.VA.F.U.ETF;8866,0;53947,99
2023-10;DE000A1CXBV8;X_FS LONG.DATED.ALL COMM.GO U. - BEARER SHARES (DT. ZERT.) O;0,0;11791,31
2023-10;LU0322253906;ETF XTR.MSCI Europe Small CAP;1238,0;59285,81
2023-10;LU0392495023;X_COMSTA.-MSCI PACIFIC TRN U.ETF - INHABER-ANTEILE I O.N.;0,0;43890,21
2023-10;LU0480132876;UBS-ETF-UBS-ETF MSCI E.M.U ETF - INHABER-ANTEILE A O.N.;1268,0;124427,24
2023-10;LU2572257397;AIS-MSCIPECNZAC U.ETFDLD;797,0;0,0
2023-10;DE000A0F5UK5;iShares STOXX Basic Resources Europe 600 (DE);118,0;0,0
2023-10;DE000A0Q4R02;X_iShares STOXX Utilities Europe 600 (DE);0,0;-2708,16
2023-11;IE00B4WPHX27;L&G-L&G L.Dated all Comm U.ETF;2242,0;16263,96
2023-11;LU0360863863;ARERO - DER WELTFONDS - INHABER-ANTEILE O.N.;1318,0;291972,55
2023-11;LU0446734369;x_UBS ETF - MSCI EMU VALUE UCITS ETF;0,0;-3106,88
2023-11;IE00BJ0KDR00;ETF XTR.(IE) USA;1078,0;90716,05
2023-11;IE00BKWQ0M75;SSGA S.ETF E.II-M.EUROP.SM.CAP - REGISTERED SHARES O.N.;0,0;1473,62
2023-11;IE00BQN1K901;ISHSIV-EDGE MSCI EU.VA.F.U.ETF;8866,0;53947,99
2023-11;DE000A1CXBV8;X_FS LONG.DATED.ALL COMM.GO U. - BEARER SHARES (DT. ZERT.) O;0,0;11791,31
2023-11;LU0322253906;ETF XTR.MSCI Europe Small CAP;1238,0;59285,81
2023-11;LU0392495023;X_COMSTA.-MSCI PACIFIC TRN U.ETF - INHABER-ANTEILE I O.N.;0,0;43890,21
2023-11;LU0480132876;UBS-ETF-UBS-ETF MSCI E.M.U ETF - INHABER-ANTEILE A O.N.;1268,0;124427,24
2023-11;LU2572257397;AIS-MSCIPECNZAC U.ETFDLD;797,0;0,0
2023-11;DE000A0F5UK5;iShares STOXX Basic Resources Europe 600 (DE);118,0;0,0
2023-11;DE000A0Q4R02;X_iShares STOXX Utilities Europe 600 (DE);0,0;-2708,16
2023-12;IE00B4WPHX27;L&G-L&G L.Dated all Comm U.ETF;2242,0;16263,96
2023-12;LU0360863863;ARERO - DER WELTFONDS - INHABER-ANTEILE O.N.;1318,0;291972,55
2023-12;LU0446734369;x_UBS ETF - MSCI EMU VALUE UCITS ETF;0,0;-3106,88
2023-12;IE00BJ0KDR00;ETF XTR.(IE) USA;1078,0;90716,05
2023-12;IE00BKWQ0M75;SSGA S.ETF E.II-M.EUROP.SM.CAP - REGISTERED SHARES O.N.;0,0;1473,62
2023-12;IE00BQN1K901;ISHSIV-EDGE MSCI EU.VA.F.U.ETF;8866,0;53947,99
2023-12;DE000A1CXBV8;X_FS LONG.DATED.ALL COMM.GO U. - BEARER SHARES (DT. ZERT.) O;0,0;11791,31
2023-12;LU0322253906;ETF XTR.MSCI Europe Small CAP;1238,0;59285,81
2023-12;LU0392495023;X_COMSTA.-MSCI PACIFIC TRN U.ETF - INHABER-ANTEILE I O.N.;0,0;43890,21
2023-12;LU0480132876;UBS-ETF-UBS-ETF MSCI E.M.U ETF - INHABER-ANTEILE A O.N.;1268,0;124427,24
2023-12;LU2572257397;AIS-MSCIPECNZAC U.ETFDLD;797,0;0,0
2023-12;DE000A0F5UK5;iShares STOXX Basic Resources Europe 600 (DE);118,0;0,0
2023-12;DE000A0Q4R02;X_iShares STOXX Utilities Europe 600 (DE);0,0;-2708,16
2024-01;IE00B4WPHX27;L&G-L&G L.Dated all Comm U.ETF;2242,0;16263,96
2024-01;LU0360863863;ARERO - DER WELTFONDS - INHABER-ANTEILE O.N.;1318,0;291972,55
2024-01;LU0446734369;x_UBS ETF - MSCI EMU VALUE UCITS ETF;0,0;-3106,88
2024-01;IE00BJ0KDR00;ETF XTR.(IE) USA;1078,0;90716,05
2024-01;IE00BKWQ0M75;SSGA S.ETF E.II-M.EUROP.SM.CAP - REGISTERED SHARES O.N.;0,0;1473,62
2024-01;IE00BQN1K901;ISHSIV-EDGE MSCI EU.VA.F.U.ETF;8866,0;53947,99
2024-01;DE000A1CXBV8;X_FS LONG.DATED.ALL COMM.GO U. - BEARER SHARES (DT. ZERT.) O;0,0;11791,31
2024-01;LU0322253906;ETF XTR.MSCI Europe Small CAP;1238,0;59285,81
2024-01;LU0392495023;X_COMSTA.-MSCI PACIFIC TRN U.ETF - INHABER-ANTEILE I O.N.;0,0;43890,21
2024-01;LU0480132876;UBS-ETF-UBS-ETF MSCI E.M.U ETF - INHABER-ANTEILE A O.N.;1268,0;124427,24
2024-01;LU2572257397;AIS-MSCIPECNZAC U.ETFDLD;797,0;0,0
2024-01;DE000A0F5UK5;iShares STOXX Basic Resources Europe 600 (DE);118,0;0,0
2024-01;DE000A0Q4R02;X_iShares STOXX Utilities Europe 600 (DE);0,0;-2708,16
2024-02;IE00B4WPHX27;L&G-L&G L.Dated all Comm U.ETF;2242,0;16263,96
2024-02;LU0360863863;ARERO - DER WELTFONDS - INHABER-ANTEILE O.N.;1318,0;291972,55
2024-02;LU0446734369;x_UBS ETF - MSCI EMU VALUE UCITS ETF;0,0;-3106,88
2024-02;IE00BJ0KDR00;ETF XTR.(IE) USA;1078,0;90716,05
2024-02;IE00BKWQ0M75;SSGA S.ETF E.II-M.EUROP.SM.CAP - REGISTERED SHARES O.N.;0,0;1473,62
2024-02;IE00BQN1K901;ISHSIV-EDGE MSCI EU.VA.F.U.ETF;8866,0;53947,99
2024-02;DE000A1CXBV8;X_FS LONG.DATED.ALL COMM.GO U. - BEARER SHARES (DT. ZERT.) O;0,0;11791,31
2024-02;LU0322253906;ETF XTR.MSCI Europe Small CAP;1238,0;59285,81
2024-02;LU0392495023;X_COMSTA.-MSCI PACIFIC TRN U.ETF - INHABER-ANTEILE I O.N.;0,0;43890,21
2024-02;LU0480132876;UBS-ETF-UBS-ETF MSCI E.M.U ETF - INHABER-ANTEILE A O.N.;1268,0;124427,24
2024-02;LU2572257397;AIS-MSCIPECNZAC U.ETFDLD;797,0;0,0
2024-02;DE000A0F5UK5;iShares STOXX Basic Resources Europe 600 (DE);118,0;0,0
2024-02;DE000A0Q4R02;X_iShares STOXX Utilities Europe 600 (DE);0,0;-2708,16
2024-03;IE00B4WPHX27;L&G-L&G L.Dated all Comm U.ETF;2542,0;22261,13
2024-03;LU0360863863;ARERO - DER WELTFONDS - INHABER-ANTEILE O.N.;1390,0;310931,52
2024-03;LU0446734369;x_UBS ETF - MSCI EMU VALUE UCITS ETF;0,0;-3106,88
2024-03;IE00BJ0KDR00;ETF XTR.(IE) USA;1078,0;90716,05
2024-03;IE00BKWQ0M75;SSGA S.ETF E.II-M.EUROP.SM.CAP - REGISTERED SHARES O.N.;0,0;1473,62
2024-03;IE00BQN1K901;ISHSIV-EDGE MSCI EU.VA.F.U.ETF;8971,0;54804,37
2024-03;DE000A1CXBV8;X_FS LONG.DATED.ALL COMM.GO U. - BEARER SHARES (DT. ZERT.) O;0,0;11791,31
2024-03;LU0322253906;ETF XTR.MSCI Europe Small CAP;1307,0;63138,77
2024-03;LU0392495023;X_COMSTA.-MSCI PACIFIC TRN U.ETF - INHABER-ANTEILE I O.N.;0,0;43890,21
2024-03;LU0480132876;UBS-ETF-UBS-ETF MSCI E.M.U ETF - INHABER-ANTEILE A O.N.;1340,0;131261,14
2024-03;LU2572257397;AIS-MSCIPECNZAC U.ETFDLD;857,0;3711,6
2024-03;DE000A0F5UK5;iShares STOXX Basic Resources Europe 600 (DE);118,0;0,0
2024-03;DE000A0Q4R02;X_iShares STOXX Utilities Europe 600 (DE);0,0;-2708,16
2024-04;IE00B4WPHX27;L&G-L&G L.Dated all Comm U.ETF;2542,0;22261,13
2024-04;LU0360863863;ARERO - DER WELTFONDS - INHABER-ANTEILE O.N.;1390,0;310931,52
2024-04;LU0446734369;x_UBS ETF - MSCI EMU VALUE UCITS ETF;0,0;-3106,88
2024-04;IE00BJ0KDR00;ETF XTR.(IE) USA;1078,0;90716,05
2024-04;IE00BKWQ0M75;SSGA S.ETF E.II-M.EUROP.SM.CAP - REGISTERED SHARES O.N.;0,0;1473,62
2024-04;IE00BQN1K901;ISHSIV-EDGE MSCI EU.VA.F.U.ETF;8971,0;54804,37
2024-04;DE000A1CXBV8;X_FS LONG.DATED.ALL COMM.GO U. - BEARER SHARES (DT. ZERT.) O;0,0;11791,31
2024-04;LU0322253906;ETF XTR.MSCI Europe Small CAP;1307,0;63138,77
2024-04;LU0392495023;X_COMSTA.-MSCI PACIFIC TRN U.ETF - INHABER-ANTEILE I O.N.;0,0;43890,21
2024-04;LU0480132876;UBS-ETF-UBS-ETF MSCI E.M.U ETF - INHABER-ANTEILE A O.N.;1340,0;131261,14
2024-04;LU2572257397;AIS-MSCIPECNZAC U.ETFDLD;857,0;3711,6
2024-04;DE000A0F5UK5;iShares STOXX Basic Resources Europe 600 (DE);118,0;0,0
2024-04;DE000A0Q4R02;X_iShares STOXX Utilities Europe 600 (DE);0,0;-2708,16
2024-05;IE00B4WPHX27;L&G-L&G L.Dated all Comm U.ETF;2542,0;22261,13
2024-05;LU0360863863;ARERO - DER WELTFONDS - INHABER-ANTEILE O.N.;1390,0;310931,52
2024-05;LU0446734369;x_UBS ETF - MSCI EMU VALUE UCITS ETF;0,0;-3106,88
2024-05;IE00BJ0KDR00;ETF XTR.(IE) USA;1078,0;90716,05
2024-05;IE00BKWQ0M75;SSGA S.ETF E.II-M.EUROP.SM.CAP - REGISTERED SHARES O.N.;0,0;1473,62
2024-05;IE00BQN1K901;ISHSIV-EDGE MSCI EU.VA.F.U.ETF;8971,0;54804,37
2024-05;DE000A1CXBV8;X_FS LONG.DATED.ALL COMM.GO U. - BEARER SHARES (DT. ZERT.) O;0,0;11791,31
2024-05;LU0322253906;ETF XTR.MSCI Europe Small CAP;1307,0;63138,77
2024-05;LU0392495023;X_COMSTA.-MSCI PACIFIC TRN U.ETF - INHABER-ANTEILE I O.N.;0,0;43890,21
2024-05;LU0480132876;UBS-ETF-UBS-ETF MSCI E.M.U ETF - INHABER-ANTEILE A O.N.;1340,0;131261,14
2024-05;LU2572257397;AIS-MSCIPECNZAC U.ETFDLD;857,0;3711,6
2024-05;DE000A0F5UK5;iShares STOXX Basic Resources Europe 600 (DE);118,0;0,0
2024-05;DE000A0Q4R02;X_iShares STOXX Utilities Europe 600 (DE);0,0;-2708,16
2024-06;IE00B4WPHX27;L&G-L&G L.Dated all Comm U.ETF;2542,0;22261,13
2024-06;LU0360863863;ARERO - DER WELTFONDS - INHABER-ANTEILE O.N.;1390,0;310931,52
2024-06;LU0446734369;x_UBS ETF - MSCI EMU VALUE UCITS ETF;0,0;-3106,88
2024-06;IE00BJ0KDR00;ETF XTR.(IE) USA;1078,0;90716,05
2024-06;IE00BKWQ0M75;SSGA S.ETF E.II-M.EUROP.SM.CAP - REGISTERED SHARES O.N.;0,0;1473,62
2024-06;IE00BQN1K901;ISHSIV-EDGE MSCI EU.VA.F.U.ETF;8971,0;54804,37
2024-06;DE000A1CXBV8;X_FS LONG.DATED.ALL COMM.GO U. - BEARER SHARES (DT. ZERT.) O;0,0;11791,31
2024-06;LU0322253906;ETF XTR.MSCI Europe Small CAP;1307,0;63138,77
2024-06;LU0392495023;X_COMSTA.-MSCI PACIFIC TRN U.ETF - INHABER-ANTEILE I O.N.;0,0;43890,21
2024-06;LU0480132876;UBS-ETF-UBS-ETF MSCI E.M.U ETF - INHABER-ANTEILE A O.N.;1340,0;131261,14
2024-06;LU2572257397;AIS-MSCIPECNZAC U.ETFDLD;857,0;3711,6
2024-06;DE000A0F5UK5;iShares STOXX Basic Resources Europe 600 (DE);118,0;0,0
2024-06;DE000A0Q4R02;X_iShares STOXX Utilities Europe 600 (DE);0,0;-2708,16
2024-07;IE00B4WPHX27;L&G-L&G L.Dated all Comm U.ETF;2804,0;27546,95
2024-07;LU0360863863;ARERO - DER WELTFONDS - INHABER-ANTEILE O.N.;1482,0;335996,09
2024-07;LU0446734369;x_UBS ETF - MSCI EMU VALUE UCITS ETF;0,0;-3106,88
2024-07;IE00BJ0KDR00;ETF XTR.(IE) USA;1078,0;90716,05
2024-07;IE00BKWQ0M75;SSGA S.ETF E.II-M.EUROP.SM.CAP - REGISTERED SHARES O.N.;0,0;1473,62
2024-07;IE00BQN1K901;ISHSIV-EDGE MSCI EU.VA.F.U.ETF;9239,0;57146,42
2024-07;DE000A1CXBV8;X_FS LONG.DATED.ALL COMM.GO U. - BEARER SHARES (DT. ZERT.) O;0,0;11791,31
2024-07;LU0322253906;ETF XTR.MSCI Europe Small CAP;1347,0;65538,37
2024-07;LU0392495023;X_COMSTA.-MSCI PACIFIC TRN U.ETF - INHABER-ANTEILE I O.N.;0,0;43890,21
2024-07;LU0480132876;UBS-ETF-UBS-ETF MSCI E.M.U ETF - INHABER-ANTEILE A O.N.;1434,0;140531,97
2024-07;LU2572257397;AIS-MSCIPECNZAC U.ETFDLD;944,0;9149,1
2024-07;DE000A0F5UK5;iShares STOXX Basic Resources Europe 600 (DE);118,0;0,0
2024-07;DE000A0Q4R02;X_iShares STOXX Utilities Europe 600 (DE);0,0;-2708,16
2024-08;IE00B4WPHX27;L&G-L&G L.Dated all Comm U.ETF;2804,0;27546,95
2024-08;LU0360863863;ARERO - DER WELTFONDS - INHABER-ANTEILE O.N.;1482,0;335996,09
2024-08;LU0446734369;x_UBS ETF - MSCI EMU VALUE UCITS ETF;0,0;-3106,88
2024-08;IE00BJ0KDR00;ETF XTR.(IE) USA;1078,0;90716,05
2024-08;IE00BKWQ0M75;SSGA S.ETF E.II-M.EUROP.SM.CAP - REGISTERED SHARES O.N.;0,0;1473,62
2024-08;IE00BQN1K901;ISHSIV-EDGE MSCI EU.VA.F.U.ETF;9239,0;57146,42
2024-08;DE000A1CXBV8;X_FS LONG.DATED.ALL COMM.GO U. - BEARER SHARES (DT. ZERT.) O;0,0;11791,31
2024-08;LU0322253906;ETF XTR.MSCI Europe Small CAP;1347,0;65538,37
2024-08;LU0392495023;X_COMSTA.-MSCI PACIFIC TRN U.ETF - INHABER-ANTEILE I O.N.;0,0;43890,21
2024-08;LU0480132876;UBS-ETF-UBS-ETF MSCI E.M.U ETF - INHABER-ANTEILE A O.N.;1434,0;140531,97
2024-08;LU2572257397;AIS-MSCIPECNZAC U.ETFDLD;944,0;9149,1
2024-08;DE000A0F5UK5;iShares STOXX Basic Resources Europe 600 (DE);118,0;0,0
2024-08;DE000A0Q4R02;X_iShares STOXX Utilities Europe 600 (DE);0,0;-2708,16
2024-09;IE00B4WPHX27;L&G-L&G L.Dated all Comm U.ETF;2804,0;27546,95
2024-09;LU0360863863;ARERO - DER WELTFONDS - INHABER-ANTEILE O.N.;1482,0;335996,09
2024-09;LU0446734369;x_UBS ETF - MSCI EMU VALUE UCITS ETF;0,0;-3106,88
2024-09;IE00BJ0KDR00;ETF XTR.(IE) USA;1078,0;90716,05
2024-09;IE00BKWQ0M75;SSGA S.ETF E.II-M.EUROP.SM.CAP - REGISTERED SHARES O.N.;0,0;1473,62
2024-09;IE00BQN1K901;ISHSIV-EDGE MSCI EU.VA.F.U.ETF;9239,0;57146,42
2024-09;DE000A1CXBV8;X_FS LONG.DATED.ALL COMM.GO U. - BEARER SHARES (DT. ZERT.) O;0,0;11791,31
2024-09;LU0322253906;ETF XTR.MSCI Europe Small CAP;1347,0;65538,37
2024-09;LU0392495023;X_COMSTA.-MSCI PACIFIC TRN U.ETF - INHABER-ANTEILE I O.N.;0,0;43890,21
2024-09;LU0480132876;UBS-ETF-UBS-ETF MSCI E.M.U ETF - INHABER-ANTEILE A O.N.;1434,0;140531,97
2024-09;LU2572257397;AIS-MSCIPECNZAC U.ETFDLD;944,0;9149,1
2024-09;DE000A0F5UK5;iShares STOXX Basic Resources Europe 600 (DE);118,0;0,0
2024-09;DE000A0Q4R02;X_iShares STOXX Utilities Europe 600 (DE);0,0;-2708,16
2024-10;IE00B4WPHX27;L&G-L&G L.Dated all Comm U.ETF;2804,0;27546,95
2024-10;LU0360863863;ARERO - DER WELTFONDS - INHABER-ANTEILE O.N.;1482,0;335996,09
2024-10;LU0446734369;x_UBS ETF - MSCI EMU VALUE UCITS ETF;0,0;-3106,88
2024-10;IE00BJ0KDR00;ETF XTR.(IE) USA;1078,0;90716,05
2024-10;IE00BKWQ0M75;SSGA S.ETF E.II-M.EUROP.SM.CAP - REGISTERED SHARES O.N.;0,0;1473,62
2024-10;IE00BQN1K901;ISHSIV-EDGE MSCI EU.VA.F.U.ETF;9239,0;57146,42
2024-10;DE000A1CXBV8;X_FS LONG.DATED.ALL COMM.GO U. - BEARER SHARES (DT. ZERT.) O;0,0;11791,31
2024-10;LU0322253906;ETF XTR.MSCI Europe Small CAP;1347,0;65538,37
2024-10;LU0392495023;X_COMSTA.-MSCI PACIFIC TRN U.ETF - INHABER-ANTEILE I O.N.;0,0;43890,21
2024-10;LU0480132876;UBS-ETF-UBS-ETF MSCI E.M.U ETF - INHABER-ANTEILE A O.N.;1434,0;140531,97
2024-10;LU2572257397;AIS-MSCIPECNZAC U.ETFDLD;944,0;9149,1
2024-10;DE000A0F5UK5;iShares STOXX Basic Resources Europe 600 (DE);118,0;0,0
2024-10;DE000A0Q4R02;X_iShares STOXX Utilities Europe 600 (DE);0,0;-2708,16
2024-11;IE00B4WPHX27;L&G-L&G L.Dated all Comm U.ETF;2804,0;27546,95
2024-11;LU0360863863;ARERO - DER WELTFONDS - INHABER-ANTEILE O.N.;1482,0;335996,09
2024-11;LU0446734369;x_UBS ETF - MSCI EMU VALUE UCITS ETF;0,0;-3106,88
2024-11;IE00BJ0KDR00;ETF XTR.(IE) USA;1078,0;90716,05
2024-11;IE00BKWQ0M75;SSGA S.ETF E.II-M.EUROP.SM.CAP - REGISTERED SHARES O.N.;0,0;1473,62
2024-11;IE00BQN1K901;ISHSIV-EDGE MSCI EU.VA.F.U.ETF;9239,0;57146,42
2024-11;DE000A1CXBV8;X_FS LONG.DATED.ALL COMM.GO U. - BEARER SHARES (DT. ZERT.) O;0,0;11791,31
2024-11;LU0322253906;ETF XTR.MSCI Europe Small CAP;1347,0;65538,37
2024-11;LU0392495023;X_COMSTA.-MSCI PACIFIC TRN U.ETF - INHABER-ANTEILE I O.N.;0,0;43890,21
2024-11;LU0480132876;UBS-ETF-UBS-ETF MSCI E.M.U ETF - INHABER-ANTEILE A O.N.;1434,0;140531,97
2024-11;LU2572257397;AIS-MSCIPECNZAC U.ETFDLD;944,0;9149,1
2024-11;DE000A0F5UK5;iShares STOXX Basic Resources Europe 600 (DE);118,0;0,0
2024-11;DE000A0Q4R02;X_iShares STOXX Utilities Europe 600 (DE);0,0;-2708,16
2024-12;IE00B4WPHX27;L&G-L&G L.Dated all Comm U.ETF;2804,0;27546,95
2024-12;LU0360863863;ARERO - DER WELTFONDS - INHABER-ANTEILE O.N.;1482,0;335996,09
2024-12;LU0446734369;x_UBS ETF - MSCI EMU VALUE UCITS ETF;0,0;-3106,88
2024-12;IE00BJ0KDR00;ETF XTR.(IE) USA;1078,0;90716,05
2024-12;IE00BKWQ0M75;SSGA S.ETF E.II-M.EUROP.SM.CAP - REGISTERED SHARES O.N.;0,0;1473,62
2024-12;IE00BQN1K901;ISHSIV-EDGE MSCI EU.VA.F.U.ETF;9239,0;57146,42
2024-12;DE000A1CXBV8;X_FS LONG.DATED.ALL COMM.GO U. - BEARER SHARES (DT. ZERT.) O;0,0;11791,31
2024-12;LU0322253906;ETF XTR.MSCI Europe Small CAP;1347,0;65538,37
2024-12;LU0392495023;X_COMSTA.-MSCI PACIFIC TRN U.ETF - INHABER-ANTEILE I O.N.;0,0;43890,21
2024-12;LU0480132876;UBS-ETF-UBS-ETF MSCI E.M.U ETF - INHABER-ANTEILE A O.N.;1434,0;140531,97
2024-12;LU2572257397;AIS-MSCIPECNZAC U.ETFDLD;944,0;9149,1
2024-12;DE000A0F5UK5;iShares STOXX Basic Resources Europe 600 (DE);118,0;0,0
2024-12;DE000A0Q4R02;X_iShares STOXX Utilities Europe 600 (DE);0,0;-2708,16
2025-01;IE00B4WPHX27;L&G-L&G L.Dated all Comm U.ETF;2804,0;27546,95
2025-01;LU0360863863;ARERO - DER WELTFONDS - INHABER-ANTEILE O.N.;1482,0;335996,09
2025-01;LU0446734369;x_UBS ETF - MSCI EMU VALUE UCITS ETF;0,0;-3106,88
2025-01;IE00BJ0KDR00;ETF XTR.(IE) USA;1078,0;90716,05
2025-01;IE00BKWQ0M75;SSGA S.ETF E.II-M.EUROP.SM.CAP - REGISTERED SHARES O.N.;0,0;1473,62
2025-01;IE00BQN1K901;ISHSIV-EDGE MSCI EU.VA.F.U.ETF;9239,0;57146,42
2025-01;DE000A1CXBV8;X_FS LONG.DATED.ALL COMM.GO U. - BEARER SHARES (DT. ZERT.) O;0,0;11791,31
2025-01;LU0322253906;ETF XTR.MSCI Europe Small CAP;1347,0;65538,37
2025-01;LU0392495023;X_COMSTA.-MSCI PACIFIC TRN U.ETF - INHABER-ANTEILE I O.N.;0,0;43890,21
2025-01;LU0480132876;UBS-ETF-UBS-ETF MSCI E.M.U ETF - INHABER-ANTEILE A O.N.;1434,0;140531,97
2025-01;LU2572257397;AIS-MSCIPECNZAC U.ETFDLD;944,0;9149,1
2025-01;DE000A0F5UK5;iShares STOXX Basic Resources Europe 600 (DE);118,0;0,0
2025-01;DE000A0Q4R02;X_iShares STOXX Utilities Europe 600 (DE);0,0;-2708,16
2025-02;IE00B4WPHX27;L&G-L&G L.Dated all Comm U.ETF;2804,0;27546,95
2025-02;LU0360863863;ARERO - DER WELTFONDS - INHABER-ANTEILE O.N.;1666,0;391011,54
2025-02;LU0446734369;x_UBS ETF - MSCI EMU VALUE UCITS ETF;0,0;-3106,88
2025-02;IE00BJ0KDR00;ETF XTR.(IE) USA;1078,0;90716,05
2025-02;IE00BKWQ0M75;SSGA S.ETF E.II-M.EUROP.SM.CAP - REGISTERED SHARES O.N.;0,0;1473,62
2025-02;IE00BQN1K901;ISHSIV-EDGE MSCI EU.VA.F.U.ETF;9239,0;57146,42
2025-02;DE000A1CXBV8;X_FS LONG.DATED.ALL COMM.GO U. - BEARER SHARES (DT. ZERT.) O;0,0;11791,31
2025-02;LU0322253906;ETF XTR.MSCI Europe Small CAP;1347,0;65538,37
2025-02;LU0392495023;X_COMSTA.-MSCI PACIFIC TRN U.ETF - INHABER-ANTEILE I O.N.;0,0;43890,21
2025-02;LU0480132876;UBS-ETF-UBS-ETF MSCI E.M.U ETF - INHABER-ANTEILE A O.N.;1434,0;140531,97
2025-02;LU2572257397;AIS-MSCIPECNZAC U.ETFDLD;944,0;9149,1
2025-02;DE000A0F5UK5;iShares STOXX Basic Resources Europe 600 (DE);118,0;0,0
2025-02;DE000A0Q4R02;X_iShares STOXX Utilities Europe 600 (DE);0,0;-2708,16
2025-03;IE00B4WPHX27;L&G-L&G L.Dated all Comm U.ETF;2804,0;27546,95
2025-03;LU0360863863;ARERO - DER WELTFONDS - INHABER-ANTEILE O.N.;1666,0;391011,54
2025-03;LU0446734369;x_UBS ETF - MSCI EMU VALUE UCITS ETF;0,0;-3106,88
2025-03;IE00BJ0KDR00;ETF XTR.(IE) USA;1078,0;90716,05
2025-03;IE00BKWQ0M75;SSGA S.ETF E.II-M.EUROP.SM.CAP - REGISTERED SHARES O.N.;0,0;1473,62
2025-03;IE00BQN1K901;ISHSIV-EDGE MSCI EU.VA.F.U.ETF;9239,0;57146,42
2025-03;DE000A1CXBV8;X_FS LONG.DATED.ALL COMM.GO U. - BEARER SHARES (DT. ZERT.) O;0,0;11791,31
2025-03;LU0322253906;ETF XTR.MSCI Europe Small CAP;1632,0;82897,72
2025-03;LU0392495023;X_COMSTA.-MSCI PACIFIC TRN U.ETF - INHABER-ANTEILE I O.N.;0,0;43890,21
2025-03;LU0480132876;UBS-ETF-UBS-ETF MSCI E.M.U ETF - INHABER-ANTEILE A O.N.;1702,0;168050,18
2025-03;LU2572257397;AIS-MSCIPECNZAC U.ETFDLD;944,0;9149,1
2025-03;DE000A0F5UK5;iShares STOXX Basic Resources Europe 600 (DE);118,0;0,0
2025-03;DE000A0Q4R02;X_iShares STOXX Utilities Europe 600 (DE);0,0;-2708,16
2025-04;IE00B4WPHX27;L&G-L&G L.Dated all Comm U.ETF;2804,0;27546,95
2025-04;LU0360863863;ARERO - DER WELTFONDS - INHABER-ANTEILE O.N.;1666,0;391011,54
2025-04;LU0446734369;x_UBS ETF - MSCI EMU VALUE UCITS ETF;0,0;-3106,88
2025-04;IE00BJ0KDR00;ETF XTR.(IE) USA;1078,0;90716,05
2025-04;IE00BKWQ0M75;SSGA S.ETF E.II-M.EUROP.SM.CAP - REGISTERED SHARES O.N.;0,0;1473,62
2025-04;IE00BQN1K901;ISHSIV-EDGE MSCI EU.VA.F.U.ETF;9239,0;57146,42
2025-04;DE000A1CXBV8;X_FS LONG.DATED.ALL COMM.GO U. - BEARER SHARES (DT. ZERT.) O;0,0;11791,31
2025-04;LU0322253906;ETF XTR.MSCI Europe Small CAP;1632,0;82897,72
2025-04;LU0392495023;X_COMSTA.-MSCI PACIFIC TRN U.ETF - INHABER-ANTEILE I O.N.;0,0;43890,21
2025-04;LU0480132876;UBS-ETF-UBS-ETF MSCI E.M.U ETF - INHABER-ANTEILE A O.N.;1702,0;168050,18
2025-04;LU2572257397;AIS-MSCIPECNZAC U.ETFDLD;944,0;9149,1
2025-04;DE000A0F5UK5;iShares STOXX Basic Resources Europe 600 (DE);118,0;0,0
2025-04;DE000A0Q4R02;X_iShares STOXX Utilities Europe 600 (DE);0,0;-2708,16
2025-05;IE00B4WPHX27;L&G-L&G L.Dated all Comm U.ETF;2804,0;27546,95
2025-05;LU0360863863;ARERO - DER WELTFONDS - INHABER-ANTEILE O.N.;1666,0;391011,54
2025-05;LU0446734369;x_UBS ETF - MSCI EMU VALUE UCITS ETF;0,0;-3106,88
2025-05;IE00BJ0KDR00;ETF XTR.(IE) USA;1078,0;90716,05
2025-05;IE00BKWQ0M75;SSGA S.ETF E.II-M.EUROP.SM.CAP - REGISTERED SHARES O.N.;0,0;1473,62
2025-05;IE00BQN1K901;ISHSIV-EDGE MSCI EU.VA.F.U.ETF;9239,0;57146,42
2025-05;DE000A1CXBV8;X_FS LONG.DATED.ALL COMM.GO U. - BEARER SHARES (DT. ZERT.) O;0,0;11791,31
2025-05;LU0322253906;ETF XTR.MSCI Europe Small CAP;1632,0;82897,72
2025-05;LU0392495023;X_COMSTA.-MSCI PACIFIC TRN U.ETF - INHABER-ANTEILE I O.N.;0,0;43890,21
2025-05;LU0480132876;UBS-ETF-UBS-ETF MSCI E.M.U ETF - INHABER-ANTEILE A O.N.;1702,0;168050,18
2025-05;LU2572257397;AIS-MSCIPECNZAC U.ETFDLD;944,0;9149,1
2025-05;DE000A0F5UK5;iShares STOXX Basic Resources Europe 600 (DE);118,0;0,0
2025-05;DE000A0Q4R02;X_iShares STOXX Utilities Europe 600 (DE);0,0;-2708,16
2025-06;IE00B4WPHX27;L&G-L&G L.Dated all Comm U.ETF;2804,0;27546,95
2025-06;LU0360863863;ARERO - DER WELTFONDS - INHABER-ANTEILE O.N.;1669,522;392011,54
2025-06;LU0446734369;x_UBS ETF - MSCI EMU VALUE UCITS ETF;0,0;-3106,88
2025-06;IE00BJ0KDR00;ETF XTR.(IE) USA;1078,0;90716,05
2025-06;IE00BKWQ0M75;SSGA S.ETF E.II-M.EUROP.SM.CAP - REGISTERED SHARES O.N.;0,0;1473,62
2025-06;IE00BQN1K901;ISHSIV-EDGE MSCI EU.VA.F.U.ETF;9239,0;57146,42
2025-06;DE000A1CXBV8;X_FS LONG.DATED.ALL COMM.GO U. - BEARER SHARES (DT. ZERT.) O;0,0;11791,31
2025-06;LU0322253906;ETF XTR.MSCI Europe Small CAP;1632,0;82897,72
2025-06;LU0392495023;X_COMSTA.-MSCI PACIFIC TRN U.ETF - INHABER-ANTEILE I O.N.;0,0;43890,21
2025-06;LU0480132876;UBS-ETF-UBS-ETF MSCI E.M.U ETF - INHABER-ANTEILE A O.N.;1702,0;168050,18
2025-06;LU2572257397;AIS-MSCIPECNZAC U.ETFDLD;944,0;9149,1
2025-06;DE000A0F5UK5;iShares STOXX Basic Resources Europe 600 (DE);118,0;0,0
2025-06;DE000A0Q4R02;X_iShares STOXX Utilities Europe 600 (DE);0,0;-2708,16
2025-07;IE00B4WPHX27;L&G-L&G L.Dated all Comm U.ETF;2804,0;27546,95
2025-07;LU0360863863;ARERO - DER WELTFONDS - INHABER-ANTEILE O.N.;1673,031;393011,54
2025-07;LU0446734369;x_UBS ETF - MSCI EMU VALUE UCITS ETF;0,0;-3106,88
2025-07;IE00BJ0KDR00;ETF XTR.(IE) USA;1078,0;90716,05
2025-07;IE00BKWQ0M75;SSGA S.ETF E.II-M.EUROP.SM.CAP - REGISTERED SHARES O.N.;0,0;1473,62
2025-07;IE00BQN1K901;ISHSIV-EDGE MSCI EU.VA.F.U.ETF;9239,0;57146,42
2025-07;DE000A1CXBV8;X_FS LONG.DATED.ALL COMM.GO U. - BEARER SHARES (DT. ZERT.) O;0,0;11791,31
2025-07;LU0322253906;ETF XTR.MSCI Europe Small CAP;1632,0;82897,72
2025-07;LU0392495023;X_COMSTA.-MSCI PACIFIC TRN U.ETF - INHABER-ANTEILE I O.N.;0,0;43890,21
2025-07;LU0480132876;UBS-ETF-UBS-ETF MSCI E.M.U ETF - INHABER-ANTEILE A O.N.;1702,0;168050,18
2025-07;LU2572257397;AIS-MSCIPECNZAC U.ETFDLD;944,0;9149,1
2025-07;DE000A0F5UK5;iShares STOXX Basic Resources Europe 600 (DE);118,0;0,0
2025-07;DE000A0Q4R02;X_iShares STOXX Utilities Europe 600 (DE);0,0;-2708,16
2025-08;IE00B4WPHX27;L&G-L&G L.Dated all Comm U.ETF;2804,0;27546,95
2025-08;LU0360863863;ARERO - DER WELTFONDS - INHABER-ANTEILE O.N.;1676,501;394011,54
2025-08;LU0446734369;x_UBS ETF - MSCI EMU VALUE UCITS ETF;0,0;-3106,88
2025-08;IE00BJ0KDR00;ETF XTR.(IE) USA;1078,0;90716,05
2025-08;IE00BKWQ0M75;SSGA S.ETF E.II-M.EUROP.SM.CAP - REGISTERED SHARES O.N.;0,0;1473,62
2025-08;IE00BQN1K901;ISHSIV-EDGE MSCI EU.VA.F.U.ETF;9239,0;57146,42
2025-08;DE000A1CXBV8;X_FS LONG.DATED.ALL COMM.GO U. - BEARER SHARES (DT. ZERT.) O;0,0;11791,31
2025-08;LU0322253906;ETF XTR.MSCI Europe Small CAP;1632,0;82897,72
2025-08;LU0392495023;X_COMSTA.-MSCI PACIFIC TRN U.ETF - INHABER-ANTEILE I O.N.;0,0;43890,21
2025-08;LU0480132876;UBS-ETF-UBS-ETF MSCI E.M.U ETF - INHABER-ANTEILE A O.N.;1702,0;168050,18
2025-08;LU2572257397;AIS-MSCIPECNZAC U.ETFDLD;944,0;9149,1
2025-08;DE000A0F5UK5;iShares STOXX Basic Resources Europe 600 (DE);118,0;0,0
2025-08;DE000A0Q4R02;X_iShares STOXX Utilities Europe 600 (DE);0,0;-2708,16
2025-09;IE00B4WPHX27;L&G-L&G L.Dated all Comm U.ETF;2804,0;27546,95
2025-09;LU0360863863;ARERO - DER WELTFONDS - INHABER-ANTEILE O.N.;1679,918;395011,54
2025-09;LU0446734369;x_UBS ETF - MSCI EMU VALUE UCITS ETF;0,0;-3106,88
2025-09;IE00BJ0KDR00;ETF XTR.(IE) USA;1078,0;90716,05
2025-09;IE00BKWQ0M75;SSGA S.ETF E.II-M.EUROP.SM.CAP - REGISTERED SHARES O.N.;0,0;1473,62
2025-09;IE00BQN1K901;ISHSIV-EDGE MSCI EU.VA.F.U.ETF;9239,0;57146,42
2025-09;DE000A1CXBV8;X_FS LONG.DATED.ALL COMM.GO U. - BEARER SHARES (DT. ZERT.) O;0,0;11791,31
2025-09;LU0322253906;ETF XTR.MSCI Europe Small CAP;1632,0;82897,72
2025-09;LU0392495023;X_COMSTA.-MSCI PACIFIC TRN U.ETF - INHABER-ANTEILE I O.N.;0,0;43890,21
2025-09;LU0480132876;UBS-ETF-UBS-ETF MSCI E.M.U ETF - INHABER-ANTEILE A O.N.;1702,0;168050,18
2025-09;LU2572257397;AIS-MSCIPECNZAC U.ETFDLD;944,0;9149,1
2025-09;DE000A0F5UK5;iShares STOXX Basic Resources Europe 600 (DE);118,0;0,0
2025-09;DE000A0Q4R02;X_iShares STOXX Utilities Europe 600 (DE);0,0;-2708,16
2025-10;IE00B4WPHX27;L&G-L&G L.Dated all Comm U.ETF;3316,0;38923,59
2025-10;LU0360863863;ARERO - DER WELTFONDS - INHABER-ANTEILE O.N.;1716,227;406184,78
2025-10;LU0446734369;x_UBS ETF - MSCI EMU VALUE UCITS ETF;0,0;-3106,88
2025-10;IE00BJ0KDR00;ETF XTR.(IE) USA;1127,0;99067,61
2025-10;IE00BKWQ0M75;SSGA S.ETF E.II-M.EUROP.SM.CAP - REGISTERED SHARES O.N.;0,0;1473,62
2025-10;IE00BQN1K901;ISHSIV-EDGE MSCI EU.VA.F.U.ETF;9637,0;61485,19
2025-10;DE000A1CXBV8;X_FS LONG.DATED.ALL COMM.GO U. - BEARER SHARES (DT. ZERT.) O;0,0;11791,31
2025-10;LU0322253906;ETF XTR.MSCI Europe Small CAP;1632,0;82897,72
2025-10;LU0392495023;X_COMSTA.-MSCI PACIFIC TRN U.ETF - INHABER-ANTEILE I O.N.;0,0;43890,21
2025-10;LU0480132876;UBS-ETF-UBS-ETF MSCI E.M.U ETF - INHABER-ANTEILE A O.N.;1702,0;168050,18
2025-10;LU2572257397;AIS-MSCIPECNZAC U.ETFDLD;1109,0;20568,75
2025-10;DE000A0F5UK5;iShares STOXX Basic Resources Europe 600 (DE);118,0;0,0
2025-10;DE000A0Q4R02;X_iShares STOXX Utilities Europe 600 (DE);0,0;-2708,16
2025-11;IE00B4WPHX27;L&G-L&G L.Dated all Comm U.ETF;3316,0;38923,59
2025-11;LU0360863863;ARERO - DER WELTFONDS - INHABER-ANTEILE O.N.;1719,446;407184,78
2025-11;LU0446734369;x_UBS ETF - MSCI EMU VALUE UCITS ETF;0,0;-3106,88
2025-11;IE00BJ0KDR00;ETF XTR.(IE) USA;1127,0;99067,61
2025-11;IE00BKWQ0M75;SSGA S.ETF E.II-M.EUROP.SM.CAP - REGISTERED SHARES O.N.;0,0;1473,62
2025-11;IE00BQN1K901;ISHSIV-EDGE MSCI EU.VA.F.U.ETF;9637,0;61485,19
2025-11;DE000A1CXBV8;X_FS LONG.DATED.ALL COMM.GO U. - BEARER SHARES (DT. ZERT.) O;0,0;11791,31
2025-11;LU0322253906;ETF XTR.MSCI Europe Small CAP;1632,0;82897,72
2025-11;LU0392495023;X_COMSTA.-MSCI PACIFIC TRN U.ETF - INHABER-ANTEILE I O.N.;0,0;43890,21
2025-11;LU0480132876;UBS-ETF-UBS-ETF MSCI E.M.U ETF - INHABER-ANTEILE A O.N.;1702,0;168050,18
2025-11;LU2572257397;AIS-MSCIPECNZAC U.ETFDLD;1109,0;20568,75
2025-11;DE000A0F5UK5;iShares STOXX Basic Resources Europe 600 (DE);118,0;0,0
2025-11;DE000A0Q4R02;X_iShares STOXX Utilities Europe 600 (DE);0,0;-2708,16
2025-12;IE00B4WPHX27;L&G-L&G L.Dated all Comm U.ETF;3316,0;38923,59
2025-12;LU0360863863;ARERO - DER WELTFONDS - INHABER-ANTEILE O.N.;1722,687;408184,78
2025-12;LU0446734369;x_UBS ETF - MSCI EMU VALUE UCITS ETF;0,0;-3106,88
2025-12;IE00BJ0KDR00;ETF XTR.(IE) USA;1127,0;99067,61
2025-12;IE00BKWQ0M75;SSGA S.ETF E.II-M.EUROP.SM.CAP - REGISTERED SHARES O.N.;0,0;1473,62
2025-12;IE00BQN1K901;ISHSIV-EDGE MSCI EU.VA.F.U.ETF;9637,0;61485,19
2025-12;DE000A1CXBV8;X_FS LONG.DATED.ALL COMM.GO U. - BEARER SHARES (DT. ZERT.) O;0,0;11791,31
2025-12;LU0322253906;ETF XTR.MSCI Europe Small CAP;1632,0;82897,72
2025-12;LU0392495023;X_COMSTA.-MSCI PACIFIC TRN U.ETF - INHABER-ANTEILE I O.N.;0,0;43890,21
2025-12;LU0480132876;UBS-ETF-UBS-ETF MSCI E.M.U ETF - INHABER-ANTEILE A O.N.;1702,0;168050,18
2025-12;LU2572257397;AIS-MSCIPECNZAC U.ETFDLD;1109,0;20568,75
2025-12;DE000A0F5UK5;iShares STOXX Basic Resources Europe 600 (DE);118,0;0,0
2025-12;DE000A0Q4R02;X_iShares STOXX Utilities Europe 600 (DE);0,0;-2708,16
2026-01;IE00B4WPHX27;L&G-L&G L.Dated all Comm U.ETF;3316,0;38923,59
2026-01;LU0360863863;ARERO - DER WELTFONDS - INHABER-ANTEILE O.N.;1725,872;409184,78
2026-01;LU0446734369;x_UBS ETF - MSCI EMU VALUE UCITS ETF;0,0;-3106,88
2026-01;IE00BJ0KDR00;ETF XTR.(IE) USA;1127,0;99067,61
2026-01;IE00BKWQ0M75;SSGA S.ETF E.II-M.EUROP.SM.CAP - REGISTERED SHARES O.N.;0,0;1473,62
2026-01;IE00BQN1K901;ISHSIV-EDGE MSCI EU.VA.F.U.ETF;9637,0;61485,19
2026-01;DE000A1CXBV8;X_FS LONG.DATED.ALL COMM.GO U. - BEARER SHARES (DT. ZERT.) O;0,0;11791,31
2026-01;LU0322253906;ETF XTR.MSCI Europe Small CAP;1632,0;82897,72
2026-01;LU0392495023;X_COMSTA.-MSCI PACIFIC TRN U.ETF - INHABER-ANTEILE I O.N.;0,0;43890,21
2026-01;LU0480132876;UBS-ETF-UBS-ETF MSCI E.M.U ETF - INHABER-ANTEILE A O.N.;1702,0;168050,18
2026-01;LU2572257397;AIS-MSCIPECNZAC U.ETFDLD;1109,0;20568,75
2026-01;DE000A0F5UK5;iShares STOXX Basic Resources Europe 600 (DE);118,0;0,0
2026-01;DE000A0Q4R02;X_iShares STOXX Utilities Europe 600 (DE);0,0;-2708,16
2026-02;IE00B4WPHX27;L&G-L&G L.Dated all Comm U.ETF;3316,0;38923,59
2026-02;LU0360863863;ARERO - DER WELTFONDS - INHABER-ANTEILE O.N.;1728,977;410184,78
2026-02;LU0446734369;x_UBS ETF - MSCI EMU VALUE UCITS ETF;0,0;-3106,88
2026-02;IE00BJ0KDR00;ETF XTR.(IE) USA;1127,0;99067,61
2026-02;IE00BKWQ0M75;SSGA S.ETF E.II-M.EUROP.SM.CAP - REGISTERED SHARES O.N.;0,0;1473,62
2026-02;IE00BQN1K901;ISHSIV-EDGE MSCI EU.VA.F.U.ETF;9637,0;61485,19
2026-02;LU0290358497;XTRACKERS II EUR OVER.RATE SW.;1348,0;200163,17
2026-02;DE000A1CXBV8;X_FS LONG.DATED.ALL COMM.GO U. - BEARER SHARES (DT. ZERT.) O;0,0;11791,31
2026-02;LU0322253906;ETF XTR.MSCI Europe Small CAP;1632,0;82897,72
2026-02;LU0392495023;X_COMSTA.-MSCI PACIFIC TRN U.ETF - INHABER-ANTEILE I O.N.;0,0;43890,21
2026-02;LU0480132876;UBS-ETF-UBS-ETF MSCI E.M.U ETF - INHABER-ANTEILE A O.N.;1702,0;168050,18
2026-02;LU2572257397;AIS-MSCIPECNZAC U.ETFDLD;1109,0;20568,75
2026-02;DE000A0F5UK5;iShares STOXX Basic Resources Europe 600 (DE);118,0;0,0
2026-02;DE000A0Q4R02;X_iShares STOXX Utilities Europe 600 (DE);0,0;-2708,16
2026-03;IE00B4WPHX27;L&G-L&G L.Dated all Comm U.ETF;3316,0;38923,59
2026-03;LU0360863863;ARERO - DER WELTFONDS - INHABER-ANTEILE O.N.;1728,977;410184,78
2026-03;LU0446734369;x_UBS ETF - MSCI EMU VALUE UCITS ETF;0,0;-3106,88
2026-03;IE00BJ0KDR00;ETF XTR.(IE) USA;1127,0;99067,61
2026-03;IE00BKWQ0M75;SSGA S.ETF E.II-M.EUROP.SM.CAP - REGISTERED SHARES O.N.;0,0;1473,62
2026-03;IE00BQN1K901;ISHSIV-EDGE MSCI EU.VA.F.U.ETF;9637,0;61485,19
2026-03;LU0290358497;XTRACKERS II EUR OVER.RATE SW.;1354,734;201163,17
2026-03;DE000A1CXBV8;X_FS LONG.DATED.ALL COMM.GO U. - BEARER SHARES (DT. ZERT.) O;0,0;11791,31
2026-03;LU0322253906;ETF XTR.MSCI Europe Small CAP;1632,0;82897,72
2026-03;LU0392495023;X_COMSTA.-MSCI PACIFIC TRN U.ETF - INHABER-ANTEILE I O.N.;0,0;43890,21
2026-03;LU0480132876;UBS-ETF-UBS-ETF MSCI E.M.U ETF - INHABER-ANTEILE A O.N.;1702,0;168050,18
2026-03;LU2572257397;AIS-MSCIPECNZAC U.ETFDLD;1109,0;20568,75
2026-03;DE000A0F5UK5;iShares STOXX Basic Resources Europe 600 (DE);118,0;0,0
2026-03;DE000A0Q4R02;X_iShares STOXX Utilities Europe 600 (DE);0,0;-2708,16
2026-04;IE00B4WPHX27;L&G-L&G L.Dated all Comm U.ETF;3316,0;38923,59
2026-04;LU0360863863;ARERO - DER WELTFONDS - INHABER-ANTEILE O.N.;1728,977;410184,78
2026-04;LU0446734369;x_UBS ETF - MSCI EMU VALUE UCITS ETF;0,0;-3106,88
2026-04;IE00BJ0KDR00;ETF XTR.(IE) USA;1127,0;99067,61
2026-04;IE00BKWQ0M75;SSGA S.ETF E.II-M.EUROP.SM.CAP - REGISTERED SHARES O.N.;0,0;1473,62
2026-04;IE00BQN1K901;ISHSIV-EDGE MSCI EU.VA.F.U.ETF;9637,0;61485,19
2026-04;LU0290358497;XTRACKERS II EUR OVER.RATE SW.;1361,455;202163,17
2026-04;DE000A1CXBV8;X_FS LONG.DATED.ALL COMM.GO U. - BEARER SHARES (DT. ZERT.) O;0,0;11791,31
2026-04;LU0322253906;ETF XTR.MSCI Europe Small CAP;1632,0;82897,72
2026-04;LU0392495023;X_COMSTA.-MSCI PACIFIC TRN U.ETF - INHABER-ANTEILE I O.N.;0,0;43890,21
2026-04;LU0480132876;UBS-ETF-UBS-ETF MSCI E.M.U ETF - INHABER-ANTEILE A O.N.;1702,0;168050,18
2026-04;LU2572257397;AIS-MSCIPECNZAC U.ETFDLD;1109,0;20568,75
2026-04;DE000A0F5UK5;iShares STOXX Basic Resources Europe 600 (DE);118,0;0,0
2026-04;DE000A0Q4R02;X_iShares STOXX Utilities Europe 600 (DE);0,0;-2708,16
2026-05;IE00B4WPHX27;L&G-L&G L.Dated all Comm U.ETF;3316,0;38923,59
2026-05;LU0360863863;ARERO - DER WELTFONDS - INHABER-ANTEILE O.N.;1728,977;410184,78
2026-05;LU0446734369;x_UBS ETF - MSCI EMU VALUE UCITS ETF;0,0;-3106,88
2026-05;IE00BJ0KDR00;ETF XTR.(IE) USA;1127,0;99067,61
2026-05;IE00BKWQ0M75;SSGA S.ETF E.II-M.EUROP.SM.CAP - REGISTERED SHARES O.N.;0,0;1473,62
2026-05;IE00BQN1K901;ISHSIV-EDGE MSCI EU.VA.F.U.ETF;9637,0;61485,19
2026-05;LU0290358497;XTRACKERS II EUR OVER.RATE SW.;1368,165;203163,17
2026-05;DE000A1CXBV8;X_FS LONG.DATED.ALL COMM.GO U. - BEARER SHARES (DT. ZERT.) O;0,0;11791,31
2026-05;LU0322253906;ETF XTR.MSCI Europe Small CAP;1632,0;82897,72
2026-05;LU0392495023;X_COMSTA.-MSCI PACIFIC TRN U.ETF - INHABER-ANTEILE I O.N.;0,0;43890,21
2026-05;LU0480132876;UBS-ETF-UBS-ETF MSCI E.M.U ETF - INHABER-ANTEILE A O.N.;1702,0;168050,18
2026-05;LU2572257397;AIS-MSCIPECNZAC U.ETFDLD;1109,0;20568,75
2026-05;DE000A0F5UK5;iShares STOXX Basic Resources Europe 600 (DE);118,0;0,0
2026-05;DE000A0Q4R02;X_iShares STOXX Utilities Europe 600 (DE);0,0;-2708,16
2026-06;IE00B4WPHX27;L&G-L&G L.Dated all Comm U.ETF;3316,0;38923,59
2026-06;LU0360863863;ARERO - DER WELTFONDS - INHABER-ANTEILE O.N.;1728,977;410184,78
2026-06;LU0446734369;x_UBS ETF - MSCI EMU VALUE UCITS ETF;0,0;-3106,88
2026-06;IE00BJ0KDR00;ETF XTR.(IE) USA;1127,0;99067,61
2026-06;IE00BKWQ0M75;SSGA S.ETF E.II-M.EUROP.SM.CAP - REGISTERED SHARES O.N.;0,0;1473,62
2026-06;IE00BQN1K901;ISHSIV-EDGE MSCI EU.VA.F.U.ETF;9637,0;61485,19
2026-06;LU0290358497;XTRACKERS II EUR OVER.RATE SW.;1374,865;204163,17
2026-06;DE000A1CXBV8;X_FS LONG.DATED.ALL COMM.GO U. - BEARER SHARES (DT. ZERT.) O;0,0;11791,31
2026-06;LU0322253906;ETF XTR.MSCI Europe Small CAP;1632,0;82897,72
2026-06;LU0392495023;X_COMSTA.-MSCI PACIFIC TRN U.ETF - INHABER-ANTEILE I O.N.;0,0;43890,21
2026-06;LU0480132876;UBS-ETF-UBS-ETF MSCI E.M.U ETF - INHABER-ANTEILE A O.N.;1702,0;168050,18
2026-06;LU2572257397;AIS-MSCIPECNZAC U.ETFDLD;1109,0;20568,75
2026-06;DE000A0F5UK5;iShares STOXX Basic Resources Europe 600 (DE);118,0;0,0
2026-06;DE000A0Q4R02;X_iShares STOXX Utilities Europe 600 (DE);0,0;-2708,16
2026-07;IE00B4WPHX27;L&G-L&G L.Dated all Comm U.ETF;3458,0;42744,98
2026-07;LU0360863863;ARERO - DER WELTFONDS - INHABER-ANTEILE O.N.;1831,977;445975,87
2026-07;LU0446734369;x_UBS ETF - MSCI EMU VALUE UCITS ETF;0,0;-3106,88
2026-07;IE00BJ0KDR00;ETF XTR.(IE) USA;1192,0;111682,67
2026-07;IE00BKWQ0M75;SSGA S.ETF E.II-M.EUROP.SM.CAP - REGISTERED SHARES O.N.;0,0;1473,62
2026-07;IE00BQN1K901;ISHSIV-EDGE MSCI EU.VA.F.U.ETF;9844,0;64332,75
2026-07;LU0290358497;XTRACKERS II EUR OVER.RATE SW.;1699,552;252759,05
2026-07;DE000A1CXBV8;X_FS LONG.DATED.ALL COMM.GO U. - BEARER SHARES (DT. ZERT.) O;0,0;11791,31
2026-07;LU0322253906;ETF XTR.MSCI Europe Small CAP;1740,0;90765,56
2026-07;LU0392495023;X_COMSTA.-MSCI PACIFIC TRN U.ETF - INHABER-ANTEILE I O.N.;0,0;43890,21
2026-07;LU0480132876;UBS-ETF-UBS-ETF MSCI E.M.U ETF - INHABER-ANTEILE A O.N.;1702,0;168050,18
2026-07;LU2572257397;AIS-MSCIPECNZAC U.ETFDLD;1171,0;25501,09
2026-07;DE000A0F5UK5;iShares STOXX Basic Resources Europe 600 (DE);118,0;0,0
2026-07;DE000A0Q4R02;X_iShares STOXX Utilities Europe 600 (DE);0,0;-2708,16
2026-08;IE00B4WPHX27;L&G-L&G L.Dated all Comm U.ETF;3458,0;42744,98
2026-08;LU0360863863;ARERO - DER WELTFONDS - INHABER-ANTEILE O.N.;1831,977;445975,87
2026-08;LU0446734369;x_UBS ETF - MSCI EMU VALUE UCITS ETF;0,0;-3106,88
2026-08;IE00BJ0KDR00;ETF XTR.(IE) USA;1192,0;111682,67
2026-08;IE00BKWQ0M75;SSGA S.ETF E.II-M.EUROP.SM.CAP - REGISTERED SHARES O.N.;0,0;1473,62
2026-08;IE00BQN1K901;ISHSIV-EDGE MSCI EU.VA.F.U.ETF;9844,0;64332,75
2026-08;LU0290358497;XTRACKERS II EUR OVER.RATE SW.;1706,232;253759,05
2026-08;DE000A1CXBV8;X_FS LONG.DATED.ALL COMM.GO U. - BEARER SHARES (DT. ZERT.) O;0,0;11791,31
2026-08;LU0322253906;ETF XTR.MSCI Europe Small CAP;1740,0;90765,56
2026-08;LU0392495023;X_COMSTA.-MSCI PACIFIC TRN U.ETF - INHABER-ANTEILE I O.N.;0,0;43890,21
2026-08;LU0480132876;UBS-ETF-UBS-ETF MSCI E.M.U ETF - INHABER-ANTEILE A O.N.;1702,0;168050,18
2026-08;LU2572257397;AIS-MSCIPECNZAC U.ETFDLD;1171,0;25501,09
2026-08;DE000A0F5UK5;iShares STOXX Basic Resources Europe 600 (DE);118,0;0,0
2026-08;DE000A0Q4R02;X_iShares STOXX Utilities Europe 600 (DE);0,0;-2708,16
